SKU,USD,EUR,GBP,JPY,CNY,CAD,AUD,INR,KRW,BRL,MXN,CHF,SGD,HKD,AED,SEK
MHVQ4,49,59,49,7980,399,69,79,4900,75000,569,1099,49,75,369,219,695
MHVM4,49,59,49,7980,399,69,79,4900,75000,569,1099,49,75,369,219,695
MHVT4,49,59,49,7980,399,69,79,4900,75000,569,1099,49,75,369,219,695
MHW04,49,59,49,7980,399,69,79,4900,75000,569,1099,49,75,369,219,695
MHVX4,49,59,49,7980,399,69,79,4900,75000,569,1099,49,75,369,219,695
MHW64,49,59,49,7980,399,69,79,4900,75000,569,1099,49,75,369,219,695
MHW54,49,59,49,7980,399,69,79,4900,75000,569,1099,49,75,369,219,695
MHWJ4,49,59,49,7980,399,69,79,4900,75000,569,1099,49,75,369,219,695
MHWH4,49,59,49,7980,399,69,79,4900,75000,569,1099,49,75,369,219,695
MHWG4,49,59,49,7980,399,69,79,4900,75000,569,1099,49,75,369,219,695
MHWF4,49,59,49,7980,399,69,79,4900,75000,569,1099,49,75,369,219,695
MHWE4,49,59,49,7980,399,69,79,4900,75000,569,1099,49,75,369,219,695
MHWD4,49,59,49,7980,399,69,79,4900,75000,569,1099,49,75,369,219,695
MHWC4,49,59,49,7980,399,69,79,4900,75000,569,1099,49,75,369,219,695
MHR24,45,55,45,6980,399,59,69,4500,64900,399,999,45,59,349,179,595
MHR34,45,55,45,6980,399,59,69,4500,64900,399,999,45,59,349,179,595
MHYY4,59,69,59,9980,479,79,99,5900,89000,719,1399,59,89,449,269,795
MHYX4,59,69,59,9980,479,79,99,5900,89000,719,1399,59,89,449,269,795
MGFX4,35,45,35,5980,299,49,59,3900,65000,426,749,35,55,299,159,475
MGFY4,35,45,35,5980,299,49,59,3900,65000,426,749,35,55,299,159,475
MGG04,35,45,35,5980,299,49,59,3900,65000,426,749,35,55,299,159,475
MGG14,35,45,35,5980,299,49,59,3900,65000,426,749,35,55,299,159,475
MGG24,35,45,35,5980,299,49,59,3900,65000,426,749,35,55,299,159,475
MGYX4,269,329,269,46800,2199,379,449,26900,419000,2999,6499,269,399,2099,1099,3295
MGYY4,319,349,299,49800,2399,399,499,29900,449000,3299,6999,299,449,2299,1199,3895
MGTL4,59,69,59,9980,479,79,99,5900,89000,719,1399,59,89,449,269,795
MGY64,59,69,59,9980,479,79,99,5900,89000,719,1399,59,89,449,269,795
MGTM4,59,69,59,9980,479,79,99,5900,89000,719,1399,59,89,449,269,795
MGY54,59,69,59,9980,479,79,99,5900,89000,719,1399,59,89,449,269,795
MGTN4,59,69,59,9980,479,79,99,5900,89000,719,1399,59,89,449,269,795
MGY84,59,69,59,9980,479,79,99,5900,89000,719,1399,59,89,449,269,795
MGTP4,59,69,59,9980,479,79,99,5900,89000,719,1399,59,89,449,269,795
MGY74,59,69,59,9980,479,79,99,5900,89000,719,1399,59,89,449,269,795
MGY94,59,69,59,9980,479,79,99,5900,89000,719,1399,59,89,449,269,795
MGTR4,59,69,59,9980,479,79,99,5900,89000,719,1399,59,89,449,269,795
MGYA4,59,69,59,9980,479,79,99,5900,89000,719,1399,59,89,449,269,795
MGTQ4,59,69,59,9980,479,79,99,5900,89000,719,1399,59,89,449,269,795
MGH64,59,69,59,9980,479,79,99,5900,89000,719,1399,59,89,449,269,795
MGH84,59,69,59,9980,479,79,99,5900,89000,719,1399,59,89,449,269,795
MGH94,59,69,59,9980,479,79,99,5900,89000,719,1399,59,89,449,269,795
MGH74,59,69,59,9980,479,79,99,5900,89000,719,1399,59,89,449,269,795
MGHA4,59,69,59,9980,479,79,99,5900,89000,719,1399,59,89,449,269,795
MGYW4,39,45,39,6480,329,55,65,3900,59000,449,899,39,59,299,169,495
MGK34,45,55,45,6980,399,59,69,4500,64900,399,999,45,59,349,179,595
MGK44,45,55,45,6980,399,59,69,4500,64900,399,999,45,59,349,179,595
MGK54,45,55,45,6980,399,59,69,4500,64900,399,999,45,59,349,179,595
MGK24,45,55,45,6980,399,59,69,4500,64900,399,999,45,59,349,179,595
MGJT4,45,55,45,6980,399,59,69,4500,64900,399,999,45,59,349,179,595
MGJW4,45,55,45,6980,399,59,69,4500,64900,399,999,45,59,349,179,595
MGJV4,45,55,45,6980,399,59,69,4500,64900,399,999,45,59,349,179,595
MGJU4,45,55,45,6980,399,59,69,4500,64900,399,999,45,59,349,179,595
MGKE4,45,55,45,6980,399,59,69,4500,64900,399,999,45,59,349,179,595
MGKF4,45,55,45,6980,399,59,69,4500,64900,399,999,45,59,349,179,595
MGKG4,45,55,45,6980,399,59,69,4500,64900,399,999,45,59,349,179,595
MGKC4,45,55,45,6980,399,59,69,4500,64900,399,999,45,59,349,179,595
MGJD4,45,55,45,6980,399,59,69,4500,64900,399,999,45,59,349,179,595
MGJG4,45,55,45,6980,399,59,69,4500,64900,399,999,45,59,349,179,595
MGJF4,45,55,45,6980,399,59,69,4500,64900,399,999,45,59,349,179,595
MGJE4,45,55,45,6980,399,59,69,4500,64900,399,999,45,59,349,179,595
MGEV4,49,59,49,7980,399,69,79,4900,75000,569,1099,49,75,369,219,695
MGEW4,49,59,49,7980,399,69,79,4900,75000,569,1099,49,75,369,219,695
MGF04,49,59,49,7980,399,69,79,4900,75000,569,1099,49,75,369,219,695
MGEX4,49,59,49,7980,399,69,79,4900,75000,569,1099,49,75,369,219,695
MGF14,49,59,49,7980,399,69,79,4900,75000,569,1099,49,75,369,219,695
MGFK4,49,59,49,7980,399,69,79,4900,75000,569,1099,49,75,369,219,695
MGFJ4,49,59,49,7980,399,69,79,4900,75000,569,1099,49,75,369,219,695
MGFE4,49,59,49,7980,399,69,79,4900,75000,569,1099,49,75,369,219,695
MGFH4,49,59,49,7980,399,69,79,4900,75000,569,1099,49,75,369,219,695
MGFG4,49,59,49,7980,399,69,79,4900,75000,569,1099,49,75,369,219,695
MGFF4,49,59,49,7980,399,69,79,4900,75000,569,1099,49,75,369,219,695
MGFM4,49,59,49,7980,399,69,79,4900,75000,569,1099,49,75,369,219,695
MGFN4,49,59,49,7980,399,69,79,4900,75000,569,1099,49,75,369,219,695
MGFP4,49,59,49,7980,399,69,79,4900,75000,569,1099,49,75,369,219,695
MGFL4,49,59,49,7980,399,69,79,4900,75000,569,1099,49,75,369,219,695
MGFQ4,49,59,49,7980,399,69,79,4900,75000,569,1099,49,75,369,219,695
MGFR4,49,59,49,7980,399,69,79,4900,75000,569,1099,49,75,369,219,695
MGK14,79,89,79,12800,749,115,129,7900,109000,849,1599,79,109,649,329,995
MGJY4,79,89,79,12800,749,115,129,7900,109000,849,1599,79,109,649,329,995
MGK04,79,89,79,12800,749,115,129,7900,109000,849,1599,79,109,649,329,995
MGJX4,79,89,79,12800,749,115,129,7900,109000,849,1599,79,109,649,329,995
MGJM4,79,89,79,12800,749,115,129,7900,109000,849,1599,79,109,649,329,995
MGJP4,79,89,79,12800,749,115,129,7900,109000,849,1599,79,109,649,329,995
MGJN4,79,89,79,12800,749,115,129,7900,109000,849,1599,79,109,649,329,995
MGJQ4,79,89,79,12800,749,115,129,7900,109000,849,1599,79,109,649,329,995
MGJC4,79,89,79,12800,749,115,129,7900,109000,849,1599,79,109,649,329,995
MGJ94,79,89,79,12800,749,115,129,7900,109000,849,1599,79,109,649,329,995
MGJA4,79,89,79,12800,749,115,129,7900,109000,849,1599,79,109,649,329,995
MGJ84,79,89,79,12800,749,115,129,7900,109000,849,1599,79,109,649,329,995
MGH34,49,59,49,7980,399,69,79,4900,75000,569,1099,49,75,369,219,695
MGH24,49,59,49,7980,399,69,79,4900,75000,569,1099,49,75,369,219,695
MGFT4,49,59,49,7980,399,69,79,4900,75000,569,1099,49,75,369,219,695
MGF24,49,59,49,7980,399,69,79,4900,75000,569,1099,49,75,369,219,695
MGFW4,49,59,49,7980,399,69,79,4900,75000,569,1099,49,75,369,219,695
MH024,39,45,39,6480,329,55,65,3900,59000,449,899,39,59,299,169,495
MH044,39,45,39,6480,329,55,65,3900,59000,449,899,39,59,299,169,495
MH014,39,45,39,6480,329,55,65,3900,59000,449,899,39,59,299,169,495
MH004,39,45,39,6480,329,55,65,3900,59000,449,899,39,59,299,169,495
MGF44,59,69,59,9980,479,79,99,5900,89000,719,1399,59,89,449,269,795
MGF54,59,69,59,9980,479,79,99,5900,89000,719,1399,59,89,449,269,795
MGF64,59,69,59,9980,479,79,99,5900,89000,719,1399,59,89,449,269,795
MGF74,59,69,59,9980,479,79,99,5900,89000,719,1399,59,89,449,269,795
MGF34,59,69,59,9980,479,79,99,5900,89000,719,1399,59,89,449,269,795
MGF84,59,69,59,9980,479,79,99,5900,89000,719,1399,59,89,449,269,795
MGFD4,59,69,59,9980,479,79,99,5900,89000,719,1399,59,89,449,269,795
MGFC4,59,69,59,9980,479,79,99,5900,89000,719,1399,59,89,449,269,795
MGFA4,59,69,59,9980,479,79,99,5900,89000,719,1399,59,89,449,269,795
MGF94,59,69,59,9980,479,79,99,5900,89000,719,1399,59,89,449,269,795
MGGE4,59,69,59,9980,479,79,99,5900,89000,719,1399,59,89,449,269,795
MGGH4,59,69,59,9980,479,79,99,5900,89000,719,1399,59,89,449,269,795
MGGG4,59,69,59,9980,479,79,99,5900,89000,719,1399,59,89,449,269,795
MGGJ4,59,69,59,9980,479,79,99,5900,89000,719,1399,59,89,449,269,795
MGGN4,59,69,59,9980,479,79,99,5900,89000,719,1399,59,89,449,269,795
MGGD4,59,69,59,9980,479,79,99,5900,89000,719,1399,59,89,449,269,795
MGGK4,59,69,59,9980,479,79,99,5900,89000,719,1399,59,89,449,269,795
MGGF4,59,69,59,9980,479,79,99,5900,89000,719,1399,59,89,449,269,795
MGGM4,59,69,59,9980,479,79,99,5900,89000,719,1399,59,89,449,269,795
MGGL4,59,69,59,9980,479,79,99,5900,89000,719,1399,59,89,449,269,795
MDEJ4,79,89,79,13800,599,99,129,8500,119000,899,1799,79,119,599,339,995
MDEN4,79,89,79,13800,599,99,129,8500,119000,899,1799,79,119,599,339,995
MDEP4,79,89,79,13800,599,99,129,8500,119000,899,1799,79,119,599,339,995
MDEQ4,79,89,79,13800,599,99,129,8500,119000,899,1799,79,119,599,339,995
MDFV4,269,329,269,46800,2199,379,449,26900,419000,2999,6499,269,399,2099,1099,3295
MDFW4,319,349,299,49800,2399,399,499,29900,449000,3299,6999,299,449,2299,1199,3895
MDGQ4,49,59,49,7980,399,69,79,4900,75000,569,1099,49,75,369,219,695
MDGM4,49,59,49,7980,399,69,79,4900,75000,569,1099,49,75,369,219,695
MDGP4,49,59,49,7980,399,69,79,4900,75000,569,1099,49,75,369,219,695
MDGN4,49,59,49,7980,399,69,79,4900,75000,569,1099,49,75,369,219,695
MDGV4,49,59,49,7980,399,69,79,4900,75000,569,1099,49,75,369,219,695
MDGR4,49,59,49,7980,399,69,79,4900,75000,569,1099,49,75,369,219,695
MDGU4,49,59,49,7980,399,69,79,4900,75000,569,1099,49,75,369,219,695
MDGT4,49,59,49,7980,399,69,79,4900,75000,569,1099,49,75,369,219,695
MDH04,49,59,49,7980,399,69,79,4900,75000,569,1099,49,75,369,219,695
MDGW4,49,59,49,7980,399,69,79,4900,75000,569,1099,49,75,369,219,695
MDGY4,49,59,49,7980,399,69,79,4900,75000,569,1099,49,75,369,219,695
MDGX4,49,59,49,7980,399,69,79,4900,75000,569,1099,49,75,369,219,695
MDFY4,49,59,49,7980,399,69,79,4900,75000,569,1099,49,75,369,219,695
MDG04,49,59,49,7980,399,69,79,4900,75000,569,1099,49,75,369,219,695
MDFX4,49,59,49,7980,399,69,79,4900,75000,569,1099,49,75,369,219,695
MDG14,49,59,49,7980,399,69,79,4900,75000,569,1099,49,75,369,219,695
MD3W4,39,45,39,6480,329,55,65,3900,59000,449,899,39,59,299,169,495
MD3Q4,39,45,39,6480,329,55,65,3900,59000,449,899,39,59,299,169,495
MD3X4,39,45,39,6480,329,55,65,3900,59000,449,899,39,59,299,169,495
MD3P4,39,45,39,6480,329,55,65,3900,59000,449,899,39,59,299,169,495
MD3N4,39,45,39,6480,329,55,65,3900,59000,449,899,39,59,299,169,495
MDTN4,49,59,49,7980,449,69,79,4900,75000,569,1099,49,75,369,219,695
MDTM4,49,59,49,7980,449,69,79,4900,75000,569,1099,49,75,369,219,695
MDTL4,49,59,49,7980,449,69,79,4900,75000,569,1099,49,75,369,219,695
MDTK4,49,59,49,7980,449,69,79,4900,75000,569,1099,49,75,369,219,695
MDTG4,49,59,49,7980,449,69,79,4900,75000,569,1099,49,75,369,219,695
MDTE4,49,59,49,7980,449,69,79,4900,75000,569,1099,49,75,369,219,695
MDTD4,49,59,49,7980,449,69,79,4900,75000,569,1099,49,75,369,219,695
MDTC4,49,59,49,7980,449,69,79,4900,75000,569,1099,49,75,369,219,695
MM6L3,59,69,59,7480,,,,,,,,,,,,
MC2Q4,59,69,59,9800,449,75,95,6500,89000,649,1299,59,89,449,249,695
MC2T4,59,69,59,9800,449,75,95,6500,89000,649,1299,59,89,449,249,695
MC2U4,59,69,59,9800,449,75,95,6500,89000,649,1299,59,89,449,249,695
MC2V4,59,69,59,9800,449,75,95,6500,89000,649,1299,59,89,449,249,695
MA7U4,49,59,49,7980,399,69,79,4900,75000,569,1099,49,75,369,219,695
MA7V4,49,59,49,7980,399,69,79,4900,75000,569,1099,49,75,369,219,695
MYYT3,49,59,49,7980,399,69,79,4900,75000,569,1099,49,75,369,219,695
MYYU3,49,59,49,7980,399,69,79,4900,75000,569,1099,49,75,369,219,695
MYYV3,49,59,49,7980,399,69,79,4900,75000,569,1099,49,75,369,219,695
MYYW3,49,59,49,7980,399,69,79,4900,75000,569,1099,49,75,369,219,695
MYYX3,49,59,49,7980,399,69,79,4900,75000,569,1099,49,75,369,219,695
MYYY3,49,59,49,7980,399,69,79,4900,75000,569,1099,49,75,369,219,695
MA7F4,49,59,49,7980,399,69,79,4900,75000,569,1099,49,75,369,219,695
MCFQ4,49,59,49,7980,449,69,79,4900,75000,569,1099,49,75,369,219,695
MCFR4,49,59,49,7980,449,69,79,4900,75000,569,1099,49,75,369,219,695
MCFT4,49,59,49,7980,449,69,79,4900,75000,569,1099,49,75,369,219,695
MCFU4,49,59,49,7980,449,69,79,4900,75000,569,1099,49,75,369,219,695
MYYJ3,49,59,49,7980,399,69,79,4900,75000,569,1099,49,75,369,219,695
MYYK3,49,59,49,7980,399,69,79,4900,75000,569,1099,49,75,369,219,695
MYYL3,49,59,49,7980,399,69,79,4900,75000,569,1099,49,75,369,219,695
MYYM3,49,59,49,7980,399,69,79,4900,75000,569,1099,49,75,369,219,695
MYYN3,49,59,49,7980,399,69,79,4900,75000,569,1099,49,75,369,219,695
MYYP3,49,59,49,7980,399,69,79,4900,75000,569,1099,49,75,369,219,695
MYYQ3,49,59,49,7980,399,69,79,4900,75000,569,1099,49,75,369,219,695
MYYR3,49,59,49,7980,399,69,79,4900,75000,569,1099,49,75,369,219,695
MA7E4,49,59,49,7980,399,69,79,4900,75000,569,1099,49,75,369,219,695
MCFL4,49,59,49,7980,449,69,79,4900,75000,569,1099,49,75,369,219,695
MCFM4,49,59,49,7980,449,69,79,4900,75000,569,1099,49,75,369,219,695
MCFN4,49,59,49,7980,449,69,79,4900,75000,569,1099,49,75,369,219,695
MCFP4,49,59,49,7980,449,69,79,4900,75000,569,1099,49,75,369,219,695
MYY93,49,59,49,7980,399,69,79,4900,75000,569,1099,49,75,369,219,695
MYYA3,49,59,49,7980,399,69,79,4900,75000,569,1099,49,75,369,219,695
MYYC3,49,59,49,7980,399,69,79,4900,75000,569,1099,49,75,369,219,695
MYYD3,49,59,49,7980,399,69,79,4900,75000,569,1099,49,75,369,219,695
MYYE3,49,59,49,7980,399,69,79,4900,75000,569,1099,49,75,369,219,695
MYYF3,49,59,49,7980,399,69,79,4900,75000,569,1099,49,75,369,219,695
MYYG3,49,59,49,7980,399,69,79,4900,75000,569,1099,49,75,369,219,695
MYYH3,49,59,49,7980,399,69,79,4900,75000,569,1099,49,75,369,219,695
MA7D4,49,59,49,7980,399,69,79,4900,75000,569,1099,49,75,369,219,695
MCFG4,49,59,49,7980,449,69,79,4900,75000,569,1099,49,75,369,219,695
MCFH4,49,59,49,7980,449,69,79,4900,75000,569,1099,49,75,369,219,695
MCFJ4,49,59,49,7980,449,69,79,4900,75000,569,1099,49,75,369,219,695
MCFK4,49,59,49,7980,449,69,79,4900,75000,569,1099,49,75,369,219,695
MYY13,49,59,49,7980,399,69,79,4900,75000,569,1099,49,75,369,219,695
MYY23,49,59,49,7980,399,69,79,4900,75000,569,1099,49,75,369,219,695
MYY33,49,59,49,7980,399,69,79,4900,75000,569,1099,49,75,369,219,695
MYY43,49,59,49,7980,399,69,79,4900,75000,569,1099,49,75,369,219,695
MYY53,49,59,49,7980,399,69,79,4900,75000,569,1099,49,75,369,219,695
MYY63,49,59,49,7980,399,69,79,4900,75000,569,1099,49,75,369,219,695
MYY73,49,59,49,7980,399,69,79,4900,75000,569,1099,49,75,369,219,695
MYY83,49,59,49,7980,399,69,79,4900,75000,569,1099,49,75,369,219,695
MA6A4,49,59,49,7980,399,69,79,4900,75000,569,1099,49,75,369,219,695
MCFC4,49,59,49,7980,449,69,79,4900,75000,569,1099,49,75,369,219,695
MCFD4,49,59,49,7980,449,69,79,4900,75000,569,1099,49,75,369,219,695
MCFE4,49,59,49,7980,449,69,79,4900,75000,569,1099,49,75,369,219,695
MCFF4,49,59,49,7980,449,69,79,4900,75000,569,1099,49,75,369,219,695
MA6W4,59,69,59,9980,479,79,99,5900,89000,719,1399,59,89,449,269,795
MA6X4,59,69,59,9980,479,79,99,5900,89000,719,1399,59,89,449,269,795
MA6Y4,59,69,59,9980,479,79,99,5900,89000,719,1399,59,89,449,269,795
MA7A4,59,69,59,9980,479,79,99,5900,89000,719,1399,59,89,449,269,795
MA7G4,35,45,35,5980,299,49,59,3900,65000,426,749,35,55,299,159,475
MA7H4,35,45,35,5980,299,49,59,3900,65000,426,749,35,55,299,159,475
MA7J4,35,45,35,5980,299,49,59,3900,65000,426,749,35,55,299,159,475
MA7K4,35,45,35,5980,299,49,59,3900,65000,426,749,35,55,299,159,475
MA7L4,35,45,35,5980,299,49,59,3900,65000,426,749,35,55,299,159,475
MWK23,99,119,99,17800,749,125,159,10900,149000,1099,2299,99,149,749,419,1295
MWK33,99,119,99,17800,749,125,159,10900,149000,1099,2299,99,149,749,419,1295
MWK43,99,119,99,17800,749,125,159,10900,149000,1099,2299,99,149,749,419,1295
MW973,79,89,79,13800,599,99,129,8500,119000,899,1799,79,119,599,339,995
MW983,79,89,79,13800,599,99,129,8500,119000,899,1799,79,119,599,339,995
MW993,79,89,79,13800,599,99,129,8500,119000,899,1799,79,119,599,339,995
MWK93,99,119,99,17800,799,125,159,10900,149000,1099,2299,99,149,749,419,1295
MWKA3,99,119,99,17800,799,125,159,10900,149000,1099,2299,99,149,749,419,1295
MWKC3,99,119,99,17800,799,125,159,10900,149000,1099,2299,99,149,749,419,1295
MWKD3,99,119,99,17800,799,125,159,10900,149000,1099,2299,99,149,749,419,1295
MWK53,79,89,79,13800,599,99,129,8500,119000,899,1799,79,119,599,339,995
MWK63,79,89,79,13800,599,99,129,8500,119000,899,1799,79,119,599,339,995
MWK73,79,89,79,13800,599,99,129,8500,119000,899,1799,79,119,599,339,995
MWK83,79,89,79,13800,599,99,129,8500,119000,899,1799,79,119,599,339,995
MJM53,79,89,79,9350,,105,,,,949,,,,599,,995
MH073,79,89,79,9350,,105,,,,949,,,,599,,995
MWR03,299,349,299,49800,2399,399,499,29900,449000,3299,6999,299,449,2299,1199,3795
MWR23,299,349,299,49800,2399,399,499,29900,449000,3299,6999,299,449,2299,1199,3795
MWR43,349,399,349,59800,2799,449,579,33900,519000,3799,7999,349,529,2699,1399,4295
MWR53,349,399,349,59800,2799,449,579,33900,519000,3799,7999,349,529,2699,1399,4295
MWNN3,49,59,49,7980,399,69,,4900,,569,1099,49,,369,219,695
MWNP3,49,59,49,7980,399,69,,4900,,569,1099,49,,369,219,695
MWNQ3,49,59,49,7980,399,69,,4900,,569,1099,49,,369,219,695
MWNR3,49,59,49,7980,399,69,,4900,,569,1099,49,,369,219,695
MWNJ3,49,59,49,7980,399,,,,,,,,,,,
MWNK3,49,59,49,7980,399,,,,,,,,,,,
MWNL3,49,59,49,7980,399,,,,,,,,,,,
MWNM3,49,59,49,7980,399,,,,,,,,,,,
MWNE3,49,59,49,7980,399,,,,,,,,,,,
MWNF3,49,59,49,7980,399,,,,,,,,,,,
MWNG3,49,59,49,7980,399,,,,,,,,,,,
MWNH3,49,59,49,7980,399,,,,,,,,,,,
MWN93,49,59,49,7980,399,,,,,,,,,,,
MWNA3,49,59,49,7980,399,,,,,,,,,,,
MWNC3,49,59,49,7980,399,,,,,,,,,,,
MWND3,49,59,49,7980,399,,,,,,,,,,,
MT1M3,49,59,49,7980,399,69,,4900,,569,1099,49,,369,219,695
MT1P3,49,59,49,7980,399,69,,4900,,569,1099,49,,369,219,695
MT1Q3,49,59,49,7980,399,69,,4900,,569,1099,49,,369,219,695
MT1U3,49,59,49,7980,399,69,,4900,,569,1099,49,,369,219,695
MT1V3,49,59,49,7980,399,69,,4900,,569,1099,49,,369,219,695
MT1W3,49,59,49,7980,399,69,,4900,,569,1099,49,,369,219,695
MT1X3,49,59,49,7980,399,69,,4900,,569,1099,49,,369,219,695
MT1Y3,49,59,49,7980,399,69,,4900,,569,1099,49,,369,219,695
MT4V3,59,69,59,9980,,,,,,,,,,,,
MT4W3,59,69,59,9980,,,,,,,,,,,,
MT4X3,59,69,59,9980,,,,,,,,,,,,
MT4Y3,59,69,59,9980,,,,,,,,,,,,
MT503,59,69,59,9980,,,,,,,,,,,,
MT233,49,59,49,7980,,,,,,,,,,,,
MT1A3,49,59,49,7980,399,,,,,,,,,,,
MT1D3,49,59,49,7980,399,,,,,,,,,,,
MT1E3,49,59,49,7980,399,,,,,,,,,,,
MT1F3,49,59,49,7980,399,,,,,,,,,,,
MT1G3,49,59,49,7980,399,,,,,,,,,,,
MT1H3,49,59,49,7980,399,,,,,,,,,,,
MT1J3,49,59,49,7980,399,,,,,,,,,,,
MT1L3,49,59,49,7980,399,,,,,,,,,,,
MT4H3,59,69,59,9980,,,,,,,,,,,,
MT4J3,59,69,59,9980,,,,,,,,,,,,
MT4L3,59,69,59,9980,,,,,,,,,,,,
MT4Q3,59,69,59,9980,,,,,,,,,,,,
MT4U3,59,69,59,9980,,,,,,,,,,,,
MT223,49,59,49,7980,,,,,,,,,,,,
MT103,49,59,49,7980,399,,,,,,,,,,,
MT123,49,59,49,7980,399,,,,,,,,,,,
MT133,49,59,49,7980,399,,,,,,,,,,,
MT143,49,59,49,7980,399,,,,,,,,,,,
MT163,49,59,49,7980,399,,,,,,,,,,,
MT173,49,59,49,7980,399,,,,,,,,,,,
MT183,49,59,49,7980,399,,,,,,,,,,,
MT193,49,59,49,7980,399,,,,,,,,,,,
MT423,59,69,59,9980,,,,,,,,,,,,
MT473,59,69,59,9980,,,,,,,,,,,,
MT4A3,59,69,59,9980,,,,,,,,,,,,
MT4D3,59,69,59,9980,,,,,,,,,,,,
MT4F3,59,69,59,9980,,,,,,,,,,,,
MT213,49,59,49,7980,,,,,,,,,,,,
MT0J3,49,59,49,7980,399,,,,,,,,,,,
MT0N3,49,59,49,7980,399,,,,,,,,,,,
MT0Q3,49,59,49,7980,399,,,,,,,,,,,
MT0U3,49,59,49,7980,399,,,,,,,,,,,
MT0V3,49,59,49,7980,399,,,,,,,,,,,
MT0W3,49,59,49,7980,399,,,,,,,,,,,
MT0X3,49,59,49,7980,399,,,,,,,,,,,
MT0Y3,49,59,49,7980,399,,,,,,,,,,,
MT393,59,69,59,9980,,,,,,,,,,,,
MT3C3,59,69,59,9980,,,,,,,,,,,,
MT3E3,59,69,59,9980,,,,,,,,,,,,
MT3G3,59,69,59,9980,,,,,,,,,,,,
MT3J3,59,69,59,9980,,,,,,,,,,,,
MT203,49,59,49,7980,,,,,,,,,,,,
MT2H3,35,45,35,5980,299,49,59,3900,65000,426,749,35,55,299,159,475
MT2J3,35,45,35,5980,299,49,59,3900,65000,426,749,35,55,299,159,475
MT2K3,35,45,35,5980,299,49,59,3900,65000,426,749,35,55,299,159,475
MT2L3,35,45,35,5980,299,49,59,3900,65000,426,749,35,55,299,159,475
MT2M3,35,45,35,5980,299,49,59,3900,65000,426,749,35,55,299,159,475
MT2N3,59,69,59,9980,479,79,99,5900,89000,719,1399,59,89,449,269,795
MT243,59,69,59,9980,479,79,99,5900,89000,719,1399,59,89,449,269,795
MT253,59,69,59,9980,479,79,99,5900,89000,719,1399,59,89,449,269,795
MT263,59,69,59,9980,479,79,99,5900,89000,719,1399,59,89,449,269,795
MT273,59,69,59,9980,479,79,99,5900,89000,719,1399,59,89,449,269,795
MHKY3,49,55,49,6050,399,69,79,,,,,55,,,,
MY1L2,129,149,129,15984,,179,189,11900,169000,1199,3499,149,199,999,549,1595
MJM43,39,45,39,4950,,49,,,,449,899,,,299,,495
MM083,35,39,35,4500,,,,,,,,,,,,
MQUL3,49,59,49,7580,399,,,,,,,,,,,
MQUN3,49,59,49,7580,399,,,,,,,,,,,
MQUP3,49,59,49,7580,399,,,,,,,,,,,
MQUQ3,49,59,49,7580,399,,,,,,,,,,,
MQUG3,49,59,49,7580,399,,,,,,,,,,,
MQUH3,49,59,49,7580,399,,,,,,,,,,,
MQUJ3,49,59,49,7580,399,,,,,,,,,,,
MQUK3,49,59,49,7580,399,,,,,,,,,,,
MQUC3,49,59,49,7580,399,,,,,,,,,,,
MQUD3,49,59,49,7580,399,,,,,,,,,,,
MQUE3,49,59,49,7580,399,,,,,,,,,,,
MQUF3,49,59,49,7580,399,,,,,,,,,,,
MQU73,49,59,49,7580,399,,,,,,,,,,,
MQU83,49,59,49,7580,399,,,,,,,,,,,
MQU93,49,59,49,7580,399,,,,,,,,,,,
MQUA3,49,59,49,7580,399,,,,,,,,,,,
MQDQ3,79,99,89,12800,,,,,,,,,,,,
MQDR3,79,99,89,12800,,,,,,,,,,,,
MQDT3,79,99,89,12800,,,,,,,,,,,,
MQDU3,79,99,89,12800,,,,,,,,,,,,
MQDP3,249,299,279,38800,,,,,,,,,,,,
MQDW3,99,125,109,15800,,,,,,,,,,,,
MQDV3,79,99,89,12800,,,,,,,,,,,,
MPTP3,49,59,49,7580,399,,,,,,,,,,,
MPTQ3,49,59,49,7580,399,,,,,,,,,,,
MPTR3,49,59,49,7580,399,,,,,,,,,,,
MPTT3,49,59,49,7580,399,,,,,,,,,,,
MPTW3,49,59,49,7580,399,,,,,,,,,,,
MPTX3,49,59,49,7580,399,,,,,,,,,,,
MPTY3,49,59,49,7580,399,,,,,,,,,,,
MPU03,49,59,49,7580,399,,,,,,,,,,,
MPPM3,59,69,59,9380,479,,,,,,,,,,,
MPPN3,59,69,59,9380,479,,,,,,,,,,,
MPPP3,59,69,59,9380,479,,,,,,,,,,,
MPPQ3,59,69,59,9380,479,,,,,,,,,,,
MPPR3,59,69,59,9380,479,,,,,,,,,,,
MPU73,49,59,49,7580,,,,,,,,,,,,
MPTE3,49,59,49,7580,399,,,,,,,,,,,
MPTF3,49,59,49,7580,399,,,,,,,,,,,
MPTG3,49,59,49,7580,399,,,,,,,,,,,
MPTH3,49,59,49,7580,399,,,,,,,,,,,
MPTJ3,49,59,49,7580,399,,,,,,,,,,,
MPTK3,49,59,49,7580,399,,,,,,,,,,,
MPTL3,49,59,49,7580,399,,,,,,,,,,,
MPTM3,49,59,49,7580,399,,,,,,,,,,,
MPPG3,59,69,59,9380,479,,,,,,,,,,,
MPPH3,59,69,59,9380,479,,,,,,,,,,,
MPPJ3,59,69,59,9380,479,,,,,,,,,,,
MPPK3,59,69,59,9380,479,,,,,,,,,,,
MPPL3,59,69,59,9380,479,,,,,,,,,,,
MPU63,49,59,49,7580,,,,,,,,,,,,
MPT33,49,59,49,7580,399,,,,,,,,,,,
MPT53,49,59,49,7580,399,,,,,,,,,,,
MPT63,49,59,49,7580,399,,,,,,,,,,,
MPT73,49,59,49,7580,399,,,,,,,,,,,
MPT83,49,59,49,7580,399,,,,,,,,,,,
MPT93,49,59,49,7580,399,,,,,,,,,,,
MPTC3,49,59,49,7580,399,,,,,,,,,,,
MPTD3,49,59,49,7580,399,,,,,,,,,,,
MPP93,59,69,59,9380,479,,,,,,,,,,,
MPPA3,59,69,59,9380,479,,,,,,,,,,,
MPPC3,59,69,59,9380,479,,,,,,,,,,,
MPPD3,59,69,59,9380,479,,,,,,,,,,,
MPPF3,59,69,59,9380,479,,,,,,,,,,,
MPU43,49,59,49,7580,,,,,,,,,,,,
MPRU3,49,59,49,7580,399,,,,,,,,,,,
MPRV3,49,59,49,7580,399,,,,,,,,,,,
MPRW3,49,59,49,7580,399,,,,,,,,,,,
MPRX3,49,59,49,7580,399,,,,,,,,,,,
MPRY3,49,59,49,7580,399,,,,,,,,,,,
MPT03,49,59,49,7580,399,,,,,,,,,,,
MPT13,49,59,49,7580,399,,,,,,,,,,,
MPT23,49,59,49,7580,399,,,,,,,,,,,
MPP43,59,69,59,9380,479,,,,,,,,,,,
MPP53,59,69,59,9380,479,,,,,,,,,,,
MPP63,59,69,59,9380,479,,,,,,,,,,,
MPP73,59,69,59,9380,479,,,,,,,,,,,
MPP83,59,69,59,9380,479,,,,,,,,,,,
MPU13,49,59,49,7580,,,,,,,,,,,,
MM2F3,49,55,49,6050,,,,,,,,,,,,
MM2G3,49,55,49,6050,,,,,,,,,,,,
MH083,79,89,79,9350,,105,,,,949,,,,599,,995
MX4M2,35,39,35,4500,,,,,,,,,,,,
MPPT3,59,69,59,9380,,,,,,,,,,,,
MPPW3,59,69,59,9380,,,,,,,,,,,,
MPPX3,59,69,59,9380,,,,,,,,,,,,
MPPY3,59,69,59,9380,,,,,,,,,,,,
MN6E3,35,39,35,4950,,,,,,,,,,,,
MN6F3,35,39,35,4950,,,,,,,,,,,,
MN6G3,35,39,35,4950,,,,,,,,,,,,
MN6H3,35,39,35,4950,,,,,,,,,,,,
MN5W3,49,55,49,6050,,,,,,,,,,,,
MN5X3,49,55,49,6050,,,,,,,,,,,,
MN5Y3,49,55,49,6050,,,,,,,,,,,,
MN603,49,55,49,6050,,,,,,,,,,,,
MN693,49,55,49,6050,,,,,,,,,,,,
MN6A3,49,55,49,6050,,,,,,,,,,,,
MN6C3,49,55,49,6050,,,,,,,,,,,,
MN6D3,49,55,49,6050,,,,,,,,,,,,
MN653,49,55,49,6050,,,,,,,,,,,,
MN663,49,55,49,6050,,,,,,,,,,,,
MN673,49,55,49,6050,,,,,,,,,,,,
MN683,49,55,49,6050,,,,,,,,,,,,
MN613,49,55,49,6050,,,,,,,,,,,,
MN623,49,55,49,6050,,,,,,,,,,,,
MN633,49,55,49,6050,,,,,,,,,,,,
MN643,49,55,49,6050,,,,,,,,,,,,
MNA43,79,89,79,9800,,,,,,,,,,,,
MNA63,79,89,79,9800,,,,,,,,,,,,
MNA73,79,89,79,9800,,,,,,,,,,,,
MM1U3,49,55,49,6050,,,,,,,,,,,,
MM1V3,49,55,49,6050,,,,,,,,,,,,
MM1X3,49,55,49,6050,,,,,,,,,,,,
MM1Y3,49,55,49,6050,,,,,,,,,,,,
MM203,49,55,49,6050,,,,,,,,,,,,
MM213,49,55,49,6050,,,,,,,,,,,,
MM223,49,55,49,6050,,,,,,,,,,,,
MM233,49,55,49,6050,,,,,,,,,,,,
MM0D3,59,65,59,7480,,,,,,,,,,,,
MM0G3,59,65,59,7480,,,,,,,,,,,,
MM0H3,59,65,59,7480,,,,,,,,,,,,
MM0J3,59,65,59,7480,,,,,,,,,,,,
MM0M3,59,65,59,7480,,,,,,,,,,,,
MM2W3,49,55,49,6050,,,,,,,,,,,,
MM2M3,49,55,49,6050,,,,,,,,,,,,
MM2N3,49,55,49,6050,,,,,,,,,,,,
MM2P3,49,55,49,6050,,,,,,,,,,,,
MM2Q3,49,55,49,6050,,,,,,,,,,,,
MM2R3,49,55,49,6050,,,,,,,,,,,,
MM2T3,49,55,49,6050,,,,,,,,,,,,
MM2U3,49,55,49,6050,,,,,,,,,,,,
MM2V3,49,55,49,6050,,,,,,,,,,,,
MM1L3,59,65,59,7480,,,,,,,,,,,,
MM1M3,59,65,59,7480,,,,,,,,,,,,
MM1P3,59,65,59,7480,,,,,,,,,,,,
MM1Q3,59,65,59,7480,,,,,,,,,,,,
MM1R3,59,65,59,7480,,,,,,,,,,,,
MM313,49,55,49,6050,,,,,,,,,,,,
MM2D3,49,55,49,6050,,,,,,,,,,,,
MM2E3,49,55,49,6050,,,,,,,,,,,,
MM2H3,49,55,49,6050,,,,,,,,,,,,
MM2J3,49,55,49,6050,,,,,,,,,,,,
MM2K3,49,55,49,6050,,,,,,,,,,,,
MM2L3,49,55,49,6050,,,,,,,,,,,,
MM193,59,65,59,7480,,,,,,,,,,,,
MM1A3,59,65,59,7480,,,,,,,,,,,,
MM1F3,59,65,59,7480,,,,,,,,,,,,
MM1G3,59,65,59,7480,,,,,,,,,,,,
MM1H3,59,65,59,7480,,,,,,,,,,,,
MM2Y3,49,55,49,6050,,,,,,,,,,,,
MM243,49,55,49,6050,,,,,,,,,,,,
MM253,49,55,49,6050,,,,,,,,,,,,
MM263,49,55,49,6050,,,,,,,,,,,,
MM273,49,55,49,6050,,,,,,,,,,,,
MM283,49,55,49,6050,,,,,,,,,,,,
MM293,49,55,49,6050,,,,,,,,,,,,
MM2A3,49,55,49,6050,,,,,,,,,,,,
MM2C3,49,55,49,6050,,,,,,,,,,,,
MM103,59,65,59,7480,,,,,,,,,,,,
MM143,59,65,59,7480,,,,,,,,,,,,
MM163,59,65,59,7480,,,,,,,,,,,,
MM173,59,65,59,7480,,,,,,,,,,,,
MM183,59,65,59,7480,,,,,,,,,,,,
MM2X3,49,55,49,6050,,,,,,,,,,,,
MM6G3,59,65,59,7480,,,,,,,,,,,,
MM6H3,59,65,59,7480,,,,,,,,,,,,
MM6J3,59,65,59,7480,,,,,,,,,,,,
MM6K3,59,65,59,7480,,,,,,,,,,,,
MM6P3,99,109,99,12980,,,,,,,,,,,,
MM6N3,79,89,79,10780,,105,,,,949,1999,,,599,,995
MM6M3,49,55,49,6050,,,,,,,,,,,,
MMF93,35,39,35,4500,,,,,,,,,,,,
MMFA3,35,39,35,4500,,,,,,,,,,,,
MMFC3,35,39,35,4500,,,,,,,,,,,,
MM0Q3,59,65,59,7480,,,89,,,,,,,449,,
MM0T3,59,65,59,7480,,,89,,,,,,,449,,
MM0W3,59,65,59,7480,,,89,,,,,,,449,,
MM0X3,59,65,59,7480,,,89,,,,,,,449,,
MM0Y3,59,65,59,7480,,,89,,,,,,,449,,
MLYY3,29,35,29,3800,,,,,,,,,,,,
MM013,39,45,39,5500,,,,,,,,,,,,
MM023,39,45,39,5500,,,,,,,,,,,,
MM043,39,45,39,5500,,,,,,,,,,,,
MM003,39,45,39,5500,,,,,,,,,,,,
MM073,35,39,35,4500,,,,,,,,,,,,
MKTM3,49,55,49,6050,399,69,79,,,,,55,,369,,
MKTN3,49,55,49,6050,399,69,79,,,,,55,,369,,
MKTP3,49,55,49,6050,399,69,79,,,,,55,,369,,
MKTW3,49,55,49,6050,399,69,79,,,,,55,,369,,
MKTX3,49,55,49,6050,399,69,79,,,,,55,,369,,
MKTY3,49,55,49,6050,399,69,79,,,,,55,,369,,
MKTQ3,49,55,49,6050,399,69,79,,,,,55,,,,
MKTR3,49,55,49,6050,399,69,79,,,,,55,,,,
MKTT3,49,55,49,6050,399,69,79,,,,,55,,,,
MJYU3,49,55,49,6050,399,69,79,,,,,55,,369,,
MJYV3,49,55,49,6050,399,69,79,,,,,55,,369,,
MJYW3,49,55,49,6050,399,69,79,,,,,55,,369,,
MJYX3,49,55,49,6050,399,69,79,,,,,55,,369,,
MK093,129,149,129,16280,,,,,,,,,,,,
MJYQ3,59,65,59,7480,,,,,,,,,,,,
MK043,49,55,49,6050,399,69,79,,,,,55,,369,,
MK053,49,55,49,6050,399,69,79,,,,,55,,369,,
MK073,49,55,49,6050,399,69,79,,,,,55,,369,,
MK083,49,55,49,6050,399,69,79,,,,,55,,369,,
MK0D3,129,149,129,16280,,,,,,,,,,,,
MJYT3,59,65,59,7480,,,,,,,,,,,,
MJYY3,49,55,49,6050,399,69,79,,,,,55,,,,
MK003,49,55,49,6050,399,69,79,,,,,55,,,,
MK023,49,55,49,6050,399,69,79,,,,,55,,,,
MK033,49,55,49,6050,399,69,79,,,,,55,,,,
MK0A3,129,149,129,16280,,,,,,,,,,,,
MJYR3,59,65,59,7480,,,,,,,,,,,,
MJMG3,99,109,99,12980,,,,,,,,,,,,
MJMH3,99,109,99,12980,,,,,,,,,,,,
MJMJ3,99,109,99,12980,,,,,,,,,,,,
MJMK3,99,109,99,12980,,,,,,,,,,,,
MJML3,99,109,99,12980,,,,,,,,,,,,
MJQK3,349,399,329,41580,,,,,,,,,,,,
MJQL3,349,399,329,41580,,,,,,,,,,,,
MJM93,79,89,79,10780,,105,,,,949,1999,,,599,,995
MJMA3,79,89,79,10780,,105,,,,949,1999,,,599,,995
MJMC3,79,89,79,10780,,105,,,,949,1999,,,599,,995
MJMD3,79,89,79,10780,,105,,,,949,1999,,,599,,995
MJMF3,79,89,79,10780,,105,,,,949,1999,,,599,,995
MJQJ3,299,339,279,34980,,,,,,,,,,,,
MJM23,79,89,79,9350,,105,,,,949,,,,599,,995
MJM63,39,45,39,4950,,49,,,,449,899,,,299,,495
MJM83,49,55,49,6050,,,,,,,,,,,,
MJM73,49,55,49,6050,,,,,,,,,,,,
MHJ03,29,35,29,3800,,,,,,,,,,,,
MK0X3,29,35,29,3800,,,,,,,,,,,,
MK0W3,29,35,29,3800,,,,,,,,,,,,
MX4F2,29,35,29,3800,,,,,,,,,,,,
MK0V3,39,45,39,5500,,,,,,,,,,,,
MX4A2,39,45,39,5500,,,,,,,,,,,,
MK103,35,39,35,4500,,,,,,,,,,,,
MHJ23,35,39,35,4500,,,,,,,,,,,,
MK0E3,59,65,59,7480,,,89,,,,,,,449,,
MHMN3,129,149,129,16280,,,,,,,,,,,,
MHMP3,129,149,129,16280,,,,,,,,,,,,
MHMQ3,129,149,129,16280,,,,,,,,,,,,
MHMR3,129,149,129,16280,,,,,,,,,,,,
MHYF3,129,149,129,16280,,,,,,,,,,,,
MHYG3,129,149,129,16280,,,,,,,,,,,,
MHYH3,129,149,129,16280,,,,,,,,,,,,
MHYJ3,129,149,129,16280,,,,,,,,,,,,
MHYA3,129,149,129,16280,,,,,,,,,,,,
MHYC3,129,149,129,16280,,,,,,,,,,,,
MHYD3,129,149,129,16280,,,,,,,,,,,,
MHYE3,129,149,129,16280,,,,,,,,,,,,
MHKN3,49,55,49,6050,399,69,79,,,,,55,,369,,
MHKP3,49,55,49,6050,399,69,79,,,,,55,,369,,
MHKQ3,49,55,49,6050,399,69,79,,,,,55,,369,,
MHKR3,49,55,49,6050,399,69,79,,,,,55,,369,,
MHKU3,49,55,49,6050,399,69,79,,,,,55,,369,,
MHKV3,49,55,49,6050,399,69,79,,,,,55,,369,,
MHKW3,49,55,49,6050,399,69,79,,,,,55,,369,,
MHKX3,49,55,49,6050,399,69,79,,,,,55,,369,,
MHK63,59,65,59,7480,,,,,,,,,,,,
MHK73,59,65,59,7480,,,,,,,,,,,,
MHK83,59,65,59,7480,,,,,,,,,,,,
MHK93,59,65,59,7480,,,,,,,,,,,,
MHKA3,59,65,59,7480,,,,,,,,,,,,
MHLL3,49,55,49,6050,,69,79,,,,,55,,369,,
MHL83,49,55,49,6050,399,69,79,,,,,55,,369,,
MHL93,49,55,49,6050,399,69,79,,,,,55,,369,,
MHLA3,49,55,49,6050,399,69,79,,,,,55,,369,,
MHLC3,49,55,49,6050,399,69,79,,,,,55,,369,,
MHLD3,49,55,49,6050,399,69,79,,,,,55,,369,,
MHLE3,49,55,49,6050,399,69,79,,,,,55,,369,,
MHLF3,49,55,49,6050,399,69,79,,,,,55,,369,,
MHLG3,49,55,49,6050,399,69,79,,,,,55,,369,,
MHKH3,59,65,59,7480,,,,,,,,,,,,
MHKJ3,59,65,59,7480,,,,,,,,,,,,
MHKK3,59,65,59,7480,,,,,,,,,,,,
MHKL3,59,65,59,7480,,,,,,,,,,,,
MHKM3,59,65,59,7480,,,,,,,,,,,,
MHLN3,49,55,49,6050,,69,79,,,,,55,,369,,
MHL03,49,55,49,6050,399,69,79,,,,,55,,,,
MHL23,49,55,49,6050,399,69,79,,,,,55,,,,
MHL33,49,55,49,6050,399,69,79,,,,,55,,,,
MHL43,49,55,49,6050,399,69,79,,,,,55,,,,
MHL53,49,55,49,6050,399,69,79,,,,,55,,,,
MHL63,49,55,49,6050,399,69,79,,,,,55,,,,
MHL73,49,55,49,6050,399,69,79,,,,,55,,,,
MHKC3,59,65,59,7480,,,,,,,,,,,,
MHKD3,59,65,59,7480,,,,,,,,,,,,
MHKE3,59,65,59,7480,,,,,,,,,,,,
MHKF3,59,65,59,7480,,,,,,,,,,,,
MHKG3,59,65,59,7480,,,,,,,,,,,,
MHLM3,49,55,49,6050,,69,79,,,,,55,,,,
MHLP3,59,65,59,7480,,,89,,,,,,,449,,
MHLQ3,59,65,59,7480,,,89,,,,,,,449,,
MHLR3,59,65,59,7480,,,89,,,,,,,449,,
MHLT3,59,65,59,7480,,,89,,,,,,,449,,
MH023,99,119,99,12980,,129,,,,1199,2599,,,749,,1195
MH043,99,119,99,12980,,129,,,,1199,2599,,,749,,1195
MH063,99,119,99,12980,,129,,,,1199,2599,,,749,,1195
MGYX3,79,89,79,10780,,105,,,,949,1999,,,599,,995
MGYY3,79,89,79,10780,,105,,,,949,1999,,,599,,995
MH003,79,89,79,10780,,105,,,,949,1999,,,599,,995
MH093,79,89,79,9350,,105,,,,949,,,,599,,995
MH0A3,79,89,79,9350,,105,,,,949,,,,599,,995
MH0D3,79,89,79,9350,,105,,,,949,,,,599,,995
MGYV3,39,45,39,4950,,49,,,,449,899,,,299,,495
MGYU3,39,45,39,4950,,49,,,,449,899,,,299,,495
MGYW3,39,45,39,4950,,49,,,,449,899,,,299,,495
MGYQ3,49,55,49,6380,,65,,,,549,1099,,,379,,650
MGYT3,49,55,49,6380,,65,,,,549,1099,,,379,,650
MGYR3,49,55,49,6380,,65,,,,549,1099,,,379,,650
MY102,39,45,39,4860,,55,65,3500,49000,349,899,45,59,299,169,495
MY112,39,45,39,4860,,55,65,3500,49000,349,899,45,59,299,169,495
MY122,39,45,39,4860,,55,65,3500,49000,349,899,45,59,299,169,495
MY152,39,45,39,4860,,55,65,3500,49000,349,899,45,59,299,169,495
MY162,39,45,39,4860,,55,65,3500,49000,349,899,45,59,299,169,495
MY172,39,45,39,4860,,55,65,3500,49000,349,899,45,59,299,169,495
MY182,39,45,39,4860,,55,65,3500,49000,349,899,45,59,299,169,495
MY192,39,45,39,4860,,55,65,3500,49000,349,899,45,59,299,169,495
MY1A2,39,45,39,4860,,55,65,3500,49000,349,899,45,59,299,169,495
MXYH2,35,39,35,4180,,49,55,2900,45000,399,799,39,49,269,149,460
MXYJ2,35,39,35,4180,,49,55,2900,45000,399,799,39,49,269,149,460
MXYK2,35,39,35,4180,,49,55,2900,45000,399,799,39,49,269,149,460
MXYL2,45,49,45,6380,,49,75,3900,55000,549,1199,49,65,349,189,550
MXYM2,45,49,45,6380,,49,75,3900,55000,549,1199,49,65,349,189,550
MXYN2,45,49,45,6380,,49,75,3900,55000,549,1199,49,65,349,189,550
MY1G2,39,45,39,4860,,55,65,3500,49000,349,899,45,59,299,169,495
MY1H2,39,45,39,4860,,55,65,3500,49000,349,899,45,59,299,169,495
MY1J2,39,45,39,4860,,55,65,3500,49000,349,899,45,59,299,169,495
MY1N2,129,149,129,15984,,179,189,11900,169000,1199,3499,149,199,999,549,1595
MY1P2,129,149,129,15984,,179,189,11900,169000,1199,3499,149,199,999,549,1595
MY1Q2,129,149,129,15984,,179,189,11900,169000,1199,3499,149,199,999,549,1595
MY1C2,39,45,39,4860,,55,65,3500,49000,349,899,45,59,299,169,495
MY1E2,39,45,39,4860,,55,65,3500,49000,349,899,45,59,299,169,495
MY1F2,39,45,39,4860,,55,65,3500,49000,349,899,45,59,299,169,495
MY1K2,129,149,129,15984,,179,189,11900,169000,1199,3499,149,199,999,549,1595
MY1M2,129,149,129,15984,,179,189,11900,169000,1199,3499,149,199,999,549,1595
MXYW2,39,45,39,4860,,55,65,3500,49000,349,899,45,59,299,169,495
MXYX2,39,45,39,4860,,55,65,3500,49000,349,899,45,59,299,169,495
MXYY2,39,45,39,4860,,55,65,3500,49000,349,899,45,59,299,169,495
MXNL2,199,219,199,22880,,269,,,259000,2099,4599,219,,1549,,2349
MXT82,99,119,99,12980,,129,,,,1199,2599,,,749,,1195
MXT92,99,119,99,12980,,129,,,,1199,2599,,,749,,1195
MXTA2,99,119,99,12980,,129,,,,1199,2599,,,749,,1195
MXTD2,99,119,99,12980,,129,,,,1199,2599,,,749,,1195
MXTE2,99,119,99,12980,,129,,,,1199,2599,,,749,,1195
MXQU2,349,399,349,41580,,449,,,449000,3699,8299,369,,2699,,4295
MXNK2,179,199,179,20680,,239,,,229000,1899,4199,199,,1399,,2095
MXT32,79,89,79,10780,,105,,,,949,1999,,,599,,995
MXT42,79,89,79,10780,,105,,,,949,1999,,,599,,995
MXT52,79,89,79,10780,,105,,,,949,1999,,,599,,995
MXT62,79,89,79,10780,,105,,,,949,1999,,,599,,995
MXT72,79,89,79,10780,,105,,,,949,1999,,,599,,995
MXQT2,299,339,299,34980,,399,,,389000,3199,7099,319,,2299,,3695
MX4R2,39,45,39,4950,,49,,,,449,899,,,299,,495
MXTG2,39,45,39,4950,,49,,,,449,899,,,299,,495
MY1V2,39,45,39,4950,,49,,,,449,899,,,299,,495
MX3L2,159,179,159,20680,,219,,,199000,1699,3499,179,,1248,,1795
MX4U2,49,55,49,6380,,65,,,,549,1099,,,379,,650
MY1U2,49,55,49,6380,,65,,,,549,1099,,,379,,650
MXTF2,49,55,49,6380,,65,,,,549,1099,,,379,,650
MWVP2,129,149,129,16280,,,,11900,169000,1499,,149,199,,549,1595
MWVQ2,129,149,129,16280,,,,11900,169000,1499,,149,199,,549,1595
MWVR2,129,149,129,16280,,,,11900,169000,1499,,149,199,,549,1595
MWVL2,129,149,129,16280,,,,11900,169000,1499,,149,199,,549,1595
MWVM2,129,149,129,16280,,,,11900,169000,1499,,149,199,,549,1595
MWVN2,129,149,129,16280,,,,11900,169000,1499,,149,199,,549,1595
MWVH2,129,149,129,16280,,169,189,11900,169000,1499,,149,199,999,549,1595
MWVJ2,129,149,129,16280,,169,189,11900,169000,1499,,149,199,999,549,1595
MXM82,39,45,39,4860,,55,65,3500,49000,349,899,45,59,299,169,495
MXM92,39,45,39,4860,,55,65,3500,49000,349,899,45,59,299,169,495
MXM62,39,45,39,4860,,55,65,3500,49000,349,899,45,59,299,169,495
MXM72,39,45,39,4860,,55,65,3500,49000,349,899,45,59,299,169,495
MWVA2,199,219,199,25080,,,,,,,,,,,,
MWVC2,199,219,199,25080,,,,,,,,,,,,
MWV92,199,219,199,25080,,,,,,,,,,,,
MWYV2,39,45,39,4860,,55,65,3500,49000,349,899,45,59,299,169,495
MWYW2,39,45,39,4860,,55,65,3500,49000,349,899,45,59,299,169,495
MWYX2,39,45,39,4860,,55,65,3500,49000,349,899,45,59,299,169,495
MWYY2,39,45,39,4860,,55,65,3500,49000,349,899,45,59,299,169,495
MX002,39,45,39,4860,,55,65,3500,49000,349,899,45,59,299,169,495
MX012,39,45,39,4860,,55,65,3500,49000,349,899,45,59,299,169,495
MX022,39,45,39,4860,,55,65,3500,49000,349,899,45,59,299,169,495
MX032,39,45,39,4860,,55,65,3500,49000,349,899,45,59,299,169,495
MX082,129,149,129,15984,,179,189,11900,169000,1199,3499,149,199,999,549,1595
MX092,129,149,129,15984,,179,189,11900,169000,1199,3499,149,199,999,549,1595
MX0A2,49,55,49,6264,,69,79,4500,59000,449,1299,55,75,369,199,650
MX0C2,49,55,49,6264,,69,79,4500,59000,449,1299,55,75,369,199,650
MX0D2,49,55,49,6264,,69,79,4500,59000,449,1299,55,75,369,199,650
MX0E2,49,55,49,6264,,69,79,4500,59000,449,1299,55,75,369,199,650
MX0F2,49,55,49,6264,,69,79,4500,59000,449,1299,55,75,369,199,650
MX0G2,49,55,49,6264,,69,79,4500,59000,449,1299,55,75,369,199,650
MX0H2,39,45,39,4860,,55,65,3500,49000,349,899,45,59,299,169,495
MWYH2,39,45,39,4860,,55,65,3500,49000,349,899,45,59,299,169,495
MWYJ2,39,45,39,4860,,55,65,3500,49000,349,899,45,59,299,169,495
MWYL2,39,45,39,4860,,55,65,3500,49000,349,899,45,59,299,169,495
MWYM2,39,45,39,4860,,55,65,3500,49000,349,899,45,59,299,169,495
MWYN2,39,45,39,4860,,55,65,3500,49000,349,899,45,59,299,169,495
MWYP2,39,45,39,4860,,55,65,3500,49000,349,899,45,59,299,169,495
MWYQ2,39,45,39,4860,,55,65,3500,49000,349,899,45,59,299,169,495
MWYR2,39,45,39,4860,,55,65,3500,49000,349,899,45,59,299,169,495
MX062,129,149,129,15984,,179,189,11900,169000,1199,3499,149,199,999,549,1595
MX072,129,149,129,15984,,179,189,11900,169000,1199,3499,149,199,999,549,1595
MWYA2,49,55,49,6264,,69,79,4500,59000,449,1299,55,75,369,199,650
MWYC2,49,55,49,6264,,69,79,4500,59000,449,1299,55,75,369,199,650
MWYD2,49,55,49,6264,,69,79,4500,59000,449,1299,55,75,369,199,650
MWYE2,49,55,49,6264,,69,79,4500,59000,449,1299,55,75,369,199,650
MWYF2,49,55,49,6264,,69,79,4500,59000,449,1299,55,75,369,199,650
MWYG2,49,55,49,6264,,69,79,4500,59000,449,1299,55,75,369,199,650
MWYK2,39,45,39,4860,,55,65,3500,49000,349,899,45,59,299,169,495
MWVU2,39,45,39,4860,,55,65,3500,49000,349,899,45,59,299,169,495
MWVX2,39,45,39,4860,,55,65,3500,49000,349,899,45,59,299,169,495
MWVG2,39,45,39,4860,,55,65,3500,49000,349,899,45,59,299,169,495
MX4X2,79,89,79,10584,,,,,99000,639,1799,89,,629,339,995
MX4T2,39,45,39,4860,,,,,49000,349,899,45,,299,169,495
MX4V2,49,55,49,6264,,,,,59000,399,1099,55,,379,199,650
MW952,39,45,39,4860,329,55,65,3500,49000,349,899,45,59,299,169,495
MW962,39,45,39,4860,329,55,65,3500,49000,349,899,45,59,299,169,495
MW972,39,45,39,4860,329,55,65,3500,49000,349,899,45,59,299,169,495
MW982,39,45,39,4860,329,55,65,3500,49000,349,899,45,59,299,169,495
MW992,39,45,39,4860,329,55,65,3500,49000,349,899,45,59,299,169,495
MW9A2,39,45,39,4860,329,55,65,3500,49000,349,899,45,59,299,169,495
MWV02,39,45,39,4860,,,,,49000,349,899,45,,299,169,495
MWUY2,49,55,49,6264,,,,,59000,399,1099,55,,379,199,650
MVF62,39,45,39,4860,329,55,65,3500,49000,349,899,45,59,299,169,495
MVF72,39,45,39,4860,329,55,65,3500,49000,349,899,45,59,299,169,495
MVF82,39,45,39,4860,329,55,65,3500,49000,349,899,45,59,299,169,495
MVFT2,129,149,129,15984,,179,199,,169000,1199,2999,149,199,999,549,1595
MVFU2,129,149,129,15984,,179,199,,169000,1199,2999,149,199,999,549,1595
MVFV2,129,149,129,15984,,179,199,,169000,1199,2999,149,199,999,549,1595
MVFX2,49,55,49,6264,,69,79,4500,59000,449,1299,55,75,379,199,650
MVFY2,49,55,49,6264,,69,79,4500,59000,449,1299,55,75,379,199,650
MVH02,49,55,49,6264,,69,79,4500,59000,449,1299,55,75,379,199,650
MVF12,39,45,39,4860,329,55,65,3500,49000,349,899,45,59,299,169,495
MVF22,39,45,39,4860,329,55,65,3500,49000,349,899,45,59,299,169,495
MVF52,39,45,39,4860,329,55,65,3500,49000,349,899,45,59,299,169,495
MVF92,99,119,99,11664,,129,149,,129000,899,2299,119,149,779,419,1195
MVFC2,99,119,99,11664,,129,149,,129000,899,2299,119,149,779,419,1195
MVFD2,99,119,99,11664,,129,149,,129000,899,2299,119,149,779,419,1195
MVFP2,49,55,49,6264,,69,79,4500,59000,449,1299,55,75,379,199,650
MVFQ2,49,55,49,6264,,69,79,4500,59000,449,1299,55,75,379,199,650
MVFR2,49,55,49,6264,,69,79,4500,59000,449,1299,55,75,379,199,650
MVQQ2,129,149,129,16280,,179,,11900,169000,1199,,149,199,999,549,1595
MVQP2,129,149,129,16280,,179,,11900,169000,1199,,149,199,999,549,1595
MVQN2,99,119,99,12744,,,,,129000,799,2299,119,,779,419,1195
MVQD2,39,45,39,4860,,,,,49000,349,899,45,,299,169,495
MVQE2,39,45,39,4860,,,,,49000,349,899,45,,299,169,495
MVQF2,39,45,39,4860,,,,,49000,349,899,45,,299,169,495
MVQG2,39,45,39,4860,,,,,49000,349,899,45,,299,169,495
MVQ22,49,55,49,6264,,,,,59000,399,1099,55,,379,199,650
MVQ52,49,55,49,6264,,,,,59000,399,1099,55,,379,199,650
MVQ42,49,55,49,6264,,,,,59000,399,1099,55,,379,199,650
MVQ32,49,55,49,6264,,,,,59000,399,1099,55,,379,199,650
MRXQ2,129,149,129,16280,,179,,11900,169000,1199,,149,199,999,549,1595
MRXR2,129,149,129,16280,,179,,11900,169000,1199,,149,199,999,549,1595
MRXK2,129,149,129,16280,,179,,11900,169000,1199,,149,199,999,549,1595
MRXL2,129,149,129,16280,,179,,11900,169000,1199,,149,199,999,549,1595
MU7M2,129,149,129,16280,,179,189,11900,169000,1199,,149,199,999,549,1595
MU7N2,129,149,129,16280,,179,189,11900,169000,1199,,149,199,999,549,1595
MRW62,39,45,39,4860,,55,65,3500,49000,349,899,45,59,299,169,495
MUJP2,39,45,39,4860,329,55,65,3500,49000,349,899,45,59,299,169,495
MUJQ2,39,45,39,4860,329,55,65,3500,49000,349,899,45,59,299,169,495
MUJR2,39,45,39,4860,329,55,65,3500,49000,349,899,45,59,299,169,495
MUJT2,39,45,39,4860,329,55,65,3500,49000,349,899,45,59,299,169,495
MUJU2,39,45,39,4860,329,55,65,3500,49000,349,899,45,59,299,169,495
MUJV2,39,45,39,4860,329,55,65,3500,49000,349,899,45,59,299,169,495
MRXD2,99,119,99,12744,,,,,129000,799,2299,119,,779,419,1195
MRXE2,99,119,99,12744,,,,,129000,799,2299,119,,779,419,1195
MU8H2,199,219,199,24624,,,,,249000,1349,4299,219,,1549,799,2349
MRX72,79,89,79,10584,,,,,99000,639,1799,89,,629,339,995
MRX82,79,89,79,10584,,,,,99000,639,1799,89,,629,339,995
MRX92,79,89,79,10584,,,,,99000,639,1799,89,,629,339,995
MU8G2,179,199,179,21384,,,,,219000,1199,3999,199,,1399,729,2149
MU7P2,49,55,49,6264,,,,,,,,,,,,
MU7R2,49,55,49,6264,,,,,,,,,,,,
MU7Q2,49,55,49,6264,,,,,,,,,,,,
MRWE2,39,45,39,4860,329,55,65,3500,49000,349,899,45,59,299,169,495
MRWF2,39,45,39,4860,329,55,65,3500,49000,349,899,45,59,299,169,495
MRWG2,39,45,39,4860,329,55,65,3500,49000,349,899,45,59,299,169,495
MRWH2,39,45,39,4860,329,55,65,3500,49000,349,899,45,59,299,169,495
MRWJ2,39,45,39,4860,329,55,65,3500,49000,349,899,45,59,299,169,495
MTFD2,39,45,39,4860,329,55,65,3500,49000,349,899,45,59,299,169,495
MTFE2,39,45,39,4860,329,55,65,3500,49000,349,899,45,59,299,169,495
MTFF2,39,45,39,4860,329,55,65,3500,49000,349,899,45,59,299,169,495
MTFH2,39,45,39,4860,329,55,65,3500,49000,349,899,45,59,299,169,495
MRX22,129,149,129,15984,,179,199,,169000,1199,2999,149,199,999,549,1595
MRX32,129,149,129,15984,,179,199,,169000,1199,2999,149,199,999,549,1595
MRX42,129,149,129,15984,,179,199,,169000,1199,2999,149,199,999,549,1595
MRX52,129,149,129,15984,,179,199,,169000,1199,2999,149,199,999,549,1595
MRX62,129,149,129,15984,,179,199,,169000,1199,2999,149,199,999,549,1595
MRWQ2,49,55,49,6264,,69,79,4500,59000,449,1299,55,75,379,199,650
MRWR2,49,55,49,6264,,69,79,4500,59000,449,1299,55,75,379,199,650
MRWT2,49,55,49,6264,,69,79,4500,59000,449,1299,55,75,379,199,650
MRWU2,49,55,49,6264,,69,79,4500,59000,449,1299,55,75,379,199,650
MRWV2,49,55,49,6264,,69,79,4500,59000,449,1299,55,75,379,199,650
MTEV2,49,55,49,6264,,69,79,4500,59000,449,1299,55,75,379,199,650
MTEW2,49,55,49,6264,,69,79,4500,59000,449,1299,55,75,379,199,650
MTEX2,49,55,49,6264,,69,79,4500,59000,449,1299,55,75,379,199,650
MRW72,39,45,39,4860,329,55,65,3500,49000,349,899,45,59,299,169,495
MRW82,39,45,39,4860,329,55,65,3500,49000,349,899,45,59,299,169,495
MRW92,39,45,39,4860,329,55,65,3500,49000,349,899,45,59,299,169,495
MRWC2,39,45,39,4860,329,55,65,3500,49000,349,899,45,59,299,169,495
MRWD2,39,45,39,4860,329,55,65,3500,49000,349,899,45,59,299,169,495
MTF82,39,45,39,4860,329,55,65,3500,49000,349,899,45,59,299,169,495
MTF92,39,45,39,4860,329,55,65,3500,49000,349,899,45,59,299,169,495
MTFA2,39,45,39,4860,329,55,65,3500,49000,349,899,45,59,299,169,495
MTFC2,39,45,39,4860,329,55,65,3500,49000,349,899,45,59,299,169,495
MRWW2,99,119,99,11664,,129,149,,129000,899,2299,119,149,779,419,1195
MRWX2,99,119,99,11664,,129,149,,129000,899,2299,119,149,779,419,1195
MRWY2,99,119,99,11664,,129,149,,129000,899,2299,119,149,779,419,1195
MRX02,99,119,99,11664,,129,149,,129000,899,2299,119,149,779,419,1195
MRX12,99,119,99,11664,,129,149,,129000,899,2299,119,149,779,419,1195
MRWK2,49,55,49,6264,,69,79,4500,59000,449,1299,55,75,379,199,650
MRWL2,49,55,49,6264,,69,79,4500,59000,449,1299,55,75,379,199,650
MRWM2,49,55,49,6264,,69,79,4500,59000,449,1299,55,75,379,199,650
MRWN2,49,55,49,6264,,69,79,4500,59000,449,1299,55,75,379,199,650
MRWP2,49,55,49,6264,,69,79,4500,59000,449,1299,55,75,379,199,650
MTER2,49,55,49,6264,,69,79,4500,59000,449,1299,55,75,379,199,650
MTET2,49,55,49,6264,,69,79,4500,59000,449,1299,55,75,379,199,650
MTEU2,49,55,49,6264,,69,79,4500,59000,449,1299,55,75,379,199,650
MTEG2,149,179,149,20304,,,,,,,,,,,,
MTEH2,179,199,179,21384,,,,,,,,,,,,
MRQL2,179,199,179,21384,,,,,,,,,,,,
MRQM2,179,199,179,21384,,,,,,,,,,,,
MTEJ2,199,219,199,24624,,,,,,,,,,,,
MRQU2,199,219,199,24624,,,,,,,,,,,,
MRQV2,199,219,199,24624,,,,,,,,,,,,
MRRC2,39,45,39,5184,,49,,,,,879,,58,,179,429
MRRD2,39,45,39,5184,,49,,,,,879,,58,,179,429
MRRE2,39,45,39,5184,,49,,,,,879,,58,,179,429
MRR82,39,45,39,4536,,49,65,3500,49000,279,879,45,59,299,169,429
MRR92,39,45,39,4536,,49,65,3500,49000,279,879,45,59,299,169,429
MRRA2,39,45,39,4536,,49,65,3500,49000,279,879,45,59,299,169,429
MRR52,35,39,35,4104,,49,55,,45000,249,779,39,49,279,149,395
MRR62,35,39,35,4104,,49,55,,45000,249,779,39,49,279,149,395
MRR72,35,39,35,4104,,49,55,,45000,249,779,39,49,279,149,395
MRQD2,99,119,99,11664,,129,,,,,,,,,,
MRG12,39,45,39,5184,,49,,,,,879,,58,,179,429
MRG22,39,45,39,5184,,49,,,,,879,,58,,179,429
MRG32,39,45,39,5184,,49,,,,,879,,58,,179,429
MRGE2,99,119,99,11664,,129,,,,,,,,,,
MRGF2,99,119,99,11664,,129,,,,,,,,,,
MRGG2,49,55,49,6264,,69,75,,,,1199,55,68,388,229,549
MRGH2,49,55,49,6264,,69,75,,,,1199,55,68,388,229,549
MRGJ2,49,55,49,6264,,69,75,,,,1199,55,68,388,229,549
MRGK2,49,55,49,6264,,69,75,,,,1199,55,68,388,229,549
MRFW2,39,45,39,4536,,49,65,3500,49000,279,879,45,59,299,169,429
MRFX2,39,45,39,4536,,49,65,3500,49000,279,879,45,59,299,169,429
MRFY2,39,45,39,4536,,49,65,3500,49000,279,879,45,59,299,169,429
MRG92,49,55,49,6264,,69,75,4500,59000,379,1199,55,68,388,229,549
MRGA2,49,55,49,6264,,69,75,4500,59000,379,1199,55,68,388,229,549
MRGC2,49,55,49,6264,,69,75,4500,59000,379,1199,55,68,388,229,549
MRGD2,49,55,49,6264,,69,75,4500,59000,379,1199,55,68,388,229,549
MRFQ2,35,39,35,4104,,49,55,,45000,249,779,39,49,279,149,395
MRFR2,35,39,35,4104,,49,55,,45000,249,779,39,49,279,149,395
MRFU2,35,39,35,4104,,49,55,,45000,249,779,39,49,279,149,395
MRG52,45,49,45,5616,,59,69,,55000,349,1099,49,64,358,199,495
MRG62,45,49,45,5616,,59,69,,55000,349,1099,49,64,358,199,495
MRG72,45,49,45,5616,,59,69,,55000,349,1099,49,64,358,199,495
MRG82,45,49,45,5616,,59,69,,55000,349,1099,49,64,358,199,495
MNKT2,169,179,139,20304,1388,,,,229000,,3399,179,,1348,,1795
MPTL2,159,179,159,19224,,219,235,,199000,1049,3499,,,1248,629,1795
MRFF2,49,55,49,6264,,,,,,,,,,,,
MRFG2,49,55,49,6264,,,,,,,,,,,,
MRFJ2,69,79,69,9504,,,,,,,,,,,,
MRFK2,69,79,69,9504,,,,,,,,,,,,
MRFL2,129,149,129,17064,,179,189,,169000,849,2899,149,,988,549,1495
MRFM2,129,149,129,17064,,179,189,,169000,849,2899,149,,988,549,1495
MRFN2,29,35,29,3456,,39,45,,35000,179,649,35,,228,119,329
MRFP2,29,35,29,3456,,39,45,,35000,179,649,35,,228,119,329
MR5P2,129,149,129,17064,,179,189,,169000,849,2899,149,,988,549,1495
MR582,29,35,29,3456,,39,45,,35000,179,649,35,,228,119,329
MQG02,149,169,149,20304,,,,,,,,,,,,
MQG12,149,169,149,20304,,,,,,,,,,,,
MQT12,39,45,39,5184,,49,,,,,879,,58,,179,429
MQT22,39,45,39,5184,,49,,,,,879,,58,,179,429
MQT32,39,45,39,5184,,49,,,,,879,,58,,179,429
MQT42,39,45,39,5184,,49,,,,,879,,58,,179,429
MQT52,39,45,39,5184,,49,,,,,879,,58,,179,429
MQT62,39,45,39,5184,,49,,,,,879,,58,,179,429
MQT72,39,45,39,5184,,49,,,,,879,,58,,179,429
MQT82,39,45,39,5184,,49,,,,,879,,58,,179,429
MR522,39,45,39,5184,,49,,,,,879,,58,,179,429
MQRV2,99,109,99,11664,,129,145,,,,2499,109,148,788,399,995
MQRW2,99,109,99,11664,,129,145,,,,2499,109,148,788,399,995
MQRX2,99,109,99,11664,,129,145,,,,2499,109,148,788,399,995
MQRY2,99,109,99,11664,,129,145,,,,2499,109,148,788,399,995
MQT92,49,55,49,6264,,69,75,,,,1199,55,68,388,229,549
MQTA2,49,55,49,6264,,69,75,,,,1199,55,68,388,229,549
MQTC2,49,55,49,6264,,69,75,,,,1199,55,68,388,229,549
MQTD2,49,55,49,6264,,69,75,,,,1199,55,68,388,229,549
MQTE2,49,55,49,6264,,69,75,,,,1199,55,68,388,229,549
MQTF2,49,55,49,6264,,69,75,,,,1199,55,68,388,229,549
MQTG2,49,55,49,6264,,69,75,,,,1199,55,68,388,229,549
MQTH2,49,55,49,6264,,69,75,,,,1199,55,68,388,229,549
MQTJ2,49,55,49,6264,,69,75,,,,1199,55,68,388,229,549
MQGW2,39,45,39,4536,,49,65,3500,49000,279,879,45,59,299,169,429
MQGX2,39,45,39,4536,,49,65,3500,49000,279,879,45,59,299,169,429
MQGY2,39,45,39,4536,,49,65,3500,49000,279,879,45,59,299,169,429
MQH02,39,45,39,4536,,49,65,3500,49000,279,879,45,59,299,169,429
MQH12,39,45,39,4536,,49,65,3500,49000,279,879,45,59,299,169,429
MQH22,39,45,39,4536,,49,65,3500,49000,279,879,45,59,299,169,429
MQH42,39,45,39,4536,,49,65,3500,49000,279,879,45,59,299,169,429
MQH52,39,45,39,4536,,49,65,3500,49000,279,879,45,59,299,169,429
MR3Q2,39,45,39,4536,,49,65,3500,49000,279,879,45,59,299,169,429
MQHJ2,49,55,49,6264,,69,75,4500,59000,379,1199,55,68,388,229,549
MQHK2,49,55,49,6264,,69,75,4500,59000,379,1199,55,68,388,229,549
MQHL2,49,55,49,6264,,69,75,4500,59000,379,1199,55,68,388,229,549
MQHM2,49,55,49,6264,,69,75,4500,59000,379,1199,55,68,388,229,549
MQHN2,49,55,49,6264,,69,75,4500,59000,379,1199,55,68,388,229,549
MQHP2,49,55,49,6264,,69,75,4500,59000,379,1199,55,68,388,229,549
MQHQ2,49,55,49,6264,,69,75,4500,59000,379,1199,55,68,388,229,549
MQHR2,49,55,49,6264,,69,75,4500,59000,379,1199,55,68,388,229,549
MQHT2,49,55,49,6264,,69,75,4500,59000,379,1199,55,68,388,229,549
MQGK2,35,39,35,4104,,49,55,,45000,249,779,39,49,279,149,395
MQGL2,35,39,35,4104,,49,55,,45000,249,779,39,49,279,149,395
MQGM2,35,39,35,4104,,49,55,,45000,249,779,39,49,279,149,395
MQGN2,35,39,35,4104,,49,55,,45000,249,779,39,49,279,149,395
MQGP2,35,39,35,4104,,49,55,,45000,249,779,39,49,279,149,395
MQGQ2,35,39,35,4104,,49,55,,45000,249,779,39,49,279,149,395
MQGR2,35,39,35,4104,,49,55,,45000,249,779,39,49,279,149,395
MQGT2,35,39,35,4104,,49,55,,45000,249,779,39,49,279,149,395
MR3N2,35,39,35,4104,,49,55,,45000,249,779,39,49,279,149,395
MQH62,45,49,45,5616,,59,69,,55000,349,1099,49,64,358,199,495
MQH72,45,49,45,5616,,59,69,,55000,349,1099,49,64,358,199,495
MQH82,45,49,45,5616,,59,69,,55000,349,1099,49,64,358,199,495
MQH92,45,49,45,5616,,59,69,,55000,349,1099,49,64,358,199,495
MQHA2,45,49,45,5616,,59,69,,55000,349,1099,49,64,358,199,495
MQHC2,45,49,45,5616,,59,69,,55000,349,1099,49,64,358,199,495
MQHD2,45,49,45,5616,,59,69,,55000,349,1099,49,64,358,199,495
MQHF2,45,49,45,5616,,59,69,,55000,349,1099,49,64,358,199,495
MQHG2,45,49,45,5616,,59,69,,55000,349,1099,49,64,358,199,495
MR5C2,49,59,49,6264,,69,75,,,379,1099,,,388,,595
MR5E2,49,59,49,6264,,69,75,,,379,1099,,,388,,595
MR5D2,49,59,49,6264,,69,75,,,379,1099,,,388,,595
MR592,49,59,49,6264,,69,75,,,379,1099,,,388,,595
MR5G2,69,85,69,9504,,99,109,,89000,499,1549,75,,548,314,849
MR5K2,69,85,69,9504,,99,109,,89000,499,1549,75,,548,314,849
MR5L2,129,149,129,17064,,179,189,,169000,849,2899,149,,988,549,1495
MR552,29,35,29,3456,,39,45,,35000,179,649,35,,228,119,329
MQ5C2,39,45,39,4536,298,49,59,,,,879,39,58,,,395
MQ5D2,39,45,39,4536,298,49,59,,,,879,39,58,,,395
MQ5E2,39,45,39,4536,298,49,59,,,,879,39,58,,,395
MQ5H2,49,55,49,6264,388,65,75,,,,1199,49,68,,,549
MQ5J2,49,55,49,6264,388,65,75,,,,1199,49,68,,,549
MQ582,35,39,35,4104,258,45,55,,,,779,35,48,,,349
MQ592,35,39,35,4104,258,45,55,,,,779,35,48,,,349
MQ5A2,35,39,35,4104,258,45,55,,,,779,35,48,,,349
MQ5F2,45,49,45,5616,348,59,69,,,,1099,45,64,,,495
MQ5G2,45,49,45,5616,348,59,69,,,,1099,45,64,,,495
MQ0G2,59,69,59,7344,,79,89,,,449,1299,,,458,,695
MQ0H2,59,69,59,7344,,79,89,,,449,1299,,,458,,695
MQ0Q2,149,169,149,20304,,199,219,,,999,3299,,,1148,629,1795
MQ0T2,149,169,149,20304,,199,219,,,999,3299,,,1148,629,1795
MQ0U2,149,169,149,20304,,199,219,,,999,3299,,,1148,629,1795
MPV12,79,95,79,10584,,109,129,,,549,1749,,,618,,949
MPV22,79,95,79,10584,,109,129,,,549,1749,,,618,,949
MPV62,79,95,79,10584,,109,129,,,549,1749,,,618,,949
MPQM2,49,59,49,6264,,69,75,,,379,1099,,,388,,595
MQ082,49,59,49,6264,,69,75,,,379,1099,,,388,,595
MQ092,49,59,49,6264,,69,75,,,379,1099,,,388,,595
MQ0E2,49,59,49,6264,,69,75,,,379,1099,,,388,,595
MQ4T2,49,59,49,6264,,69,75,,,379,1099,,,388,,595
MQ4U2,49,59,49,6264,,69,75,,,379,1099,,,388,,595
MQ4V2,49,59,49,6264,,69,75,,,379,1099,,,388,,595
MPU82,69,85,69,9504,,99,109,,89000,499,1549,75,,548,314,849
MPU92,69,85,69,9504,,99,109,,89000,499,1549,75,,548,314,849
MPUA2,69,85,69,9504,,99,109,,89000,499,1549,75,,548,314,849
MPUD2,69,85,69,9504,,99,109,,89000,499,1549,75,,548,314,849
MPU02,129,149,129,17064,,179,189,,169000,849,2899,149,,988,549,1495
MPU12,129,149,129,17064,,179,189,,169000,849,2899,149,,988,549,1495
MPU22,129,149,129,17064,,179,189,,169000,849,2899,149,,988,549,1495
MPU62,129,149,129,17064,,179,189,,169000,849,2899,149,,988,549,1495
MPQL2,29,35,29,3456,,39,45,,35000,179,649,35,,228,119,329
MQ0V2,29,35,29,3456,,39,45,,35000,179,649,35,,228,119,329
MQ0W2,29,35,29,3456,,39,45,,35000,179,649,35,,228,119,329
MQ0X2,29,35,29,3456,,39,45,,35000,179,649,35,,228,119,329
MQ0M2,39,45,39,4536,298,49,59,,,,879,39,58,,,395
MQ0N2,39,45,39,4536,298,49,59,,,,879,39,58,,,395
MQ0P2,39,45,39,4536,298,49,59,,,,879,39,58,,,395
MPTC2,49,55,49,6264,388,65,75,,,,1199,49,68,,,549
MPTF2,49,55,49,6264,388,65,75,,,,1199,49,68,,,549
MPVU2,49,55,49,6264,388,65,75,,,,1199,49,68,,,549
MQ0J2,35,39,35,4104,258,45,55,,,,779,35,48,,,349
MQ0K2,35,39,35,4104,258,45,55,,,,779,35,48,,,349
MQ0L2,35,39,35,4104,258,45,55,,,,779,35,48,,,349
MPT62,45,49,45,5616,348,59,69,,,,1099,45,64,,,495
MPT92,45,49,45,5616,348,59,69,,,,1099,45,64,,,495
MPVG2,45,49,45,5616,348,59,69,,,,1099,45,64,,,495
MNYW2,39,45,39,4860,,,,,,,,,,,,
MQ4L2,39,45,39,4536,,49,,,,299,879,,,298,,395
MQ4M2,39,45,39,4536,,49,,,,299,879,,,298,,395
MQ4N2,39,45,39,4536,,49,,,,299,879,,,298,,395
MQ4P2,39,45,39,4536,,49,,,,299,879,,,298,,395
MQ4Q2,39,45,39,4536,,49,,,,299,879,,,298,,395
MNYV2,39,45,39,4860,,,,,,,,,,,,
MN022,99,119,99,11664,,129,165,,,749,,109,148,788,379,1095
MN002,99,119,99,11664,,129,165,,,749,,109,148,788,379,1095
MN012,99,119,99,11664,,129,165,,,749,,109,148,788,379,1095
MMQR2,39,45,39,4536,298,49,59,,,,879,39,58,,,395
MMQT2,39,45,39,4536,298,49,59,,,,879,39,58,,,395
MMQU2,39,45,39,4536,298,49,59,,,,879,39,58,,,395
MMQV2,39,45,39,4536,298,49,59,,,,879,39,58,,,395
MMQW2,39,45,39,4536,298,49,59,,,,879,39,58,,,395
MMQX2,39,45,39,4536,298,49,59,,,,879,39,58,,,395
MMQY2,39,45,39,4536,298,49,59,,,,879,39,58,,,395
MMT02,39,45,39,4536,298,49,59,,,,879,39,58,,,395
MMT12,39,45,39,4536,298,49,59,,,,879,39,58,,,395
MMYE2,49,55,49,6264,388,65,75,,,,1199,49,68,,,549
MMYF2,49,55,49,6264,388,65,75,,,,1199,49,68,,,549
MMYG2,49,55,49,6264,388,65,75,,,,1199,49,68,,,549
MMYH2,49,55,49,6264,388,65,75,,,,1199,49,68,,,549
MMYJ2,49,55,49,6264,388,65,75,,,,1199,49,68,,,549
MMYK2,49,55,49,6264,388,65,75,,,,1199,49,68,,,549
MMYL2,49,55,49,6264,388,65,75,,,,1199,49,68,,,549
MMW82,35,39,35,4104,258,45,55,,,,779,35,48,,,349
MMWF2,35,39,35,4104,258,45,55,,,,779,35,48,,,349
MMWK2,35,39,35,4104,258,45,55,,,,779,35,48,,,349
MMWN2,35,39,35,4104,258,45,55,,,,779,35,48,,,349
MMWR2,35,39,35,4104,258,45,55,,,,779,35,48,,,349
MMWW2,35,39,35,4104,258,45,55,,,,779,35,48,,,349
MMX02,35,39,35,4104,258,45,55,,,,779,35,48,,,349
MMX12,35,39,35,4104,258,45,55,,,,779,35,48,,,349
MMX22,35,39,35,4104,258,45,55,,,,779,35,48,,,349
MMY12,45,49,45,5616,348,59,69,,,,1099,45,64,,,495
MMY22,45,49,45,5616,348,59,69,,,,1099,45,64,,,495
MMY32,45,49,45,5616,348,59,69,,,,1099,45,64,,,495
MMY42,45,49,45,5616,348,59,69,,,,1099,45,64,,,495
MMY52,45,49,45,5616,348,59,69,,,,1099,45,64,,,495
MMY62,45,49,45,5616,348,59,69,,,,1099,45,64,,,495
MMY72,45,49,45,5616,348,59,69,,,,1099,45,64,,,495
MN092,39,45,35,4860,,49,59,,,299,879,39,58,298,169,395
MN0A2,39,45,35,4860,,49,59,,,299,879,39,58,298,169,395
MNN32,39,45,35,4860,,49,59,,,299,879,39,58,298,169,395
MNN52,39,45,35,4860,,49,59,,,299,879,39,58,298,169,395
MN2N2,59,69,49,8424,,75,89,,,499,1299,59,88,458,229,649
MN2P2,59,69,49,8424,,75,89,,,499,1299,59,88,458,229,649
MNND2,59,69,49,8424,,75,89,,,499,1299,59,88,458,229,649
MNNE2,59,69,49,8424,,75,89,,,499,1299,59,88,458,229,649
MN462,49,55,39,7020,,59,75,,,399,1099,49,,388,,549
MN472,49,55,39,7020,,59,75,,,399,1099,49,,388,,549
MNN92,49,55,39,7020,,59,75,,,399,1099,49,,388,,549
MNNC2,49,55,39,7020,,59,75,,,399,1099,49,,388,,549
MN2F2,69,79,55,9504,,89,109,,89000,559,1549,69,,548,,749
MN2G2,69,79,55,9504,,89,109,,89000,559,1549,69,,548,,749
MNN72,69,79,55,9504,,89,109,,89000,559,1549,69,,548,,749
MNN82,69,79,55,9504,,89,109,,89000,559,1549,69,,548,,749
MM692,39,45,35,4860,,49,59,,,299,879,39,58,298,149,395
MM6A2,39,45,35,4860,,49,59,,,299,879,39,58,298,149,395
MM6D2,39,45,35,4860,,49,59,,,299,879,39,58,298,149,395
MM6E2,39,45,35,4860,,49,59,,,299,879,39,58,298,149,395
MM6F2,39,45,35,4860,,49,59,,,299,879,39,58,298,149,395
MM6H2,39,45,35,4860,,49,59,,,299,879,39,58,298,149,395
MM322,49,55,39,7020,,65,75,,,379,1199,49,68,388,199,549
MM362,49,55,39,7020,,65,75,,,379,1199,49,68,388,199,549
MMM32,49,55,39,7020,,65,75,,,379,1199,49,68,388,199,549
MM622,35,39,29,4104,,45,55,,,249,779,35,48,258,129,349
MM632,35,39,29,4104,,45,55,,,249,779,35,48,258,129,349
MM642,35,39,29,4104,,45,55,,,249,779,35,48,258,129,349
MM662,35,39,29,4104,,45,55,,,249,779,35,48,258,129,349
MM672,35,39,29,4104,,45,55,,,249,779,35,48,258,129,349
MM682,35,39,29,4104,,45,55,,,249,779,35,48,258,129,349
MM4D2,45,49,35,6264,,59,69,,,349,1099,45,64,358,179,495
MM4G2,45,49,35,6264,,59,69,,,349,1099,45,64,358,179,495
MMM22,45,49,35,6264,,59,69,,,349,1099,45,64,358,179,495
MMHG2,39,45,35,4860,,49,59,,,299,949,39,58,298,149,395
MMHH2,39,45,35,4860,,49,59,,,299,949,39,58,298,149,395
MM2T2,39,45,35,4860,,49,59,,,299,879,39,58,298,169,395
MM2U2,39,45,35,4860,,49,59,,,299,879,39,58,298,169,395
MM2V2,39,45,35,4860,,49,59,,,299,879,39,58,298,169,395
MM2X2,39,45,35,4860,,49,59,,,299,879,39,58,298,169,395
MMJV2,39,45,35,4860,,49,59,,,299,879,39,58,298,169,395
MMJW2,39,45,35,4860,,49,59,,,299,879,39,58,298,169,395
MM3L2,59,69,49,8424,,75,89,,,499,1299,59,88,458,229,649
MM3M2,59,69,49,8424,,75,89,,,499,1299,59,88,458,229,649
MM3N2,59,69,49,8424,,75,89,,,499,1299,59,88,458,229,649
MM3Q2,59,69,49,8424,,75,89,,,499,1299,59,88,458,229,649
MMJY2,59,69,49,8424,,75,89,,,499,1299,59,88,458,229,649
MMM42,59,69,49,8424,,75,89,,,499,1299,59,88,458,229,649
MNKR2,149,169,129,,,,,,,,2999,159,,,,1595
MM2L2,149,169,129,18144,,199,229,,,1199,3199,,,1148,608,1595
MM292,49,55,39,7020,,59,75,,,399,1099,49,,388,,549
MM2A2,49,55,39,7020,,59,75,,,399,1099,49,,388,,549
MM2C2,49,55,39,7020,,59,75,,,399,1099,49,,388,,549
MM2D2,49,55,39,7020,,59,75,,,399,1099,49,,388,,549
MM2E2,49,55,39,7020,,59,75,,,399,1099,49,,388,,549
MM2F2,49,55,39,7020,,59,75,,,399,1099,49,,388,,549
MM2G2,49,55,39,7020,,59,75,,,399,1099,49,,388,,549
MM2H2,49,55,39,7020,,59,75,,,399,1099,49,,388,,549
MM2J2,49,55,39,7020,,59,75,,,399,1099,49,,388,,549
MM2K2,49,55,39,7020,,59,75,,,399,1099,49,,388,,549
MMG62,49,55,39,7020,,59,75,,,399,1099,49,,388,,549
MMG72,49,55,39,7020,,59,75,,,399,1099,49,,388,,549
MM1Y2,69,79,55,9504,,89,109,,89000,559,1549,69,,548,,749
MM202,69,79,55,9504,,89,109,,89000,559,1549,69,,548,,749
MM212,69,79,55,9504,,89,109,,89000,559,1549,69,,548,,749
MM222,69,79,55,9504,,89,109,,89000,559,1549,69,,548,,749
MM232,69,79,55,9504,,89,109,,89000,559,1549,69,,548,,749
MM242,69,79,55,9504,,89,109,,89000,559,1549,69,,548,,749
MM252,69,79,55,9504,,89,109,,89000,559,1549,69,,548,,749
MM262,69,79,55,9504,,89,109,,89000,559,1549,69,,548,,749
MM272,69,79,55,9504,,89,109,,89000,559,1549,69,,548,,749
MM282,69,79,55,9504,,89,109,,89000,559,1549,69,,548,,749
MMG42,69,79,55,9504,,89,109,,89000,559,1549,69,,548,,749
MMG52,69,79,55,9504,,89,109,,89000,559,1549,69,,548,,749
MGQL2,99,119,79,12744,,129,165,,,799,2199,109,148,788,379,1095
MGQM2,99,119,79,12744,,129,165,,,799,2199,109,148,788,379,1095
MKXG2,49,55,39,7020,,65,75,,,379,1199,49,68,388,199,549
MKXX2,45,49,35,6264,,59,69,,,349,1099,45,64,358,179,495
MJYR2,169,179,139,21384,,229,269,,,1299,3599,,,1348,,1795
MK0L2,59,69,49,8424,,75,89,,,499,1299,59,,458,,649
MLJK2,59,69,49,8424,,75,89,,,499,1299,59,,458,,649
MK0D2,79,89,65,10584,,99,129,,,619,1749,79,,618,,849
MK0E2,79,89,65,10584,,99,129,,,619,1749,79,,618,,849
MKXJ2,39,45,35,4860,,49,59,,,299,879,39,58,298,149,395
MKXK2,39,45,35,4860,,49,59,,,299,879,39,58,298,149,395
MKXL2,39,45,35,4860,,49,59,,,299,879,39,58,298,149,395
MKXM2,39,45,35,4860,,49,59,,,299,879,39,58,298,149,395
MKXN2,39,45,35,4860,,49,59,,,299,879,39,58,298,149,395
MKXP2,39,45,35,4860,,49,59,,,299,879,39,58,298,149,395
MKXQ2,39,45,35,4860,,49,59,,,299,879,39,58,298,149,395
MLCY2,39,45,35,4860,,49,59,,,299,879,39,58,298,149,395
MLD02,39,45,35,4860,,49,59,,,299,879,39,58,298,149,395
MLD12,39,45,35,4860,,49,59,,,299,879,39,58,298,149,395
MLD22,39,45,35,4860,,49,59,,,299,879,39,58,298,149,395
MKX92,49,55,39,7020,,65,75,,,379,1199,49,68,388,199,549
MKXC2,49,55,39,7020,,65,75,,,379,1199,49,68,388,199,549
MKXD2,49,55,39,7020,,65,75,,,379,1199,49,68,388,199,549
MKXE2,49,55,39,7020,,65,75,,,379,1199,49,68,388,199,549
MKXF2,49,55,39,7020,,65,75,,,379,1199,49,68,388,199,549
MKY02,35,39,29,4104,,45,55,,,249,779,35,48,258,129,349
MKY12,35,39,29,4104,,45,55,,,249,779,35,48,258,129,349
MKY22,35,39,29,4104,,45,55,,,249,779,35,48,258,129,349
MKY32,35,39,29,4104,,45,55,,,249,779,35,48,258,129,349
MKY42,35,39,29,4104,,45,55,,,249,779,35,48,258,129,349
MKY52,35,39,29,4104,,45,55,,,249,779,35,48,258,129,349
MKY62,35,39,29,4104,,45,55,,,249,779,35,48,258,129,349
MLCU2,35,39,29,4104,,45,55,,,249,779,35,48,258,129,349
MLCV2,35,39,29,4104,,45,55,,,249,779,35,48,258,129,349
MLCW2,35,39,29,4104,,45,55,,,249,779,35,48,258,129,349
MLCX2,35,39,29,4104,,45,55,,,249,779,35,48,258,129,349
MKXR2,45,49,35,6264,,59,69,,,349,1099,45,64,358,179,495
MKXT2,45,49,35,6264,,59,69,,,349,1099,45,64,358,179,495
MKXU2,45,49,35,6264,,59,69,,,349,1099,45,64,358,179,495
MKXV2,45,49,35,6264,,59,69,,,349,1099,45,64,358,179,495
MKXW2,45,49,35,6264,,59,69,,,349,1099,45,64,358,179,495
MKLV2,39,45,35,4860,,49,59,,,299,879,39,58,298,169,395
MKLW2,39,45,35,4860,,49,59,,,299,879,39,58,298,169,395
MKLX2,39,45,35,4860,,49,59,,,299,879,39,58,298,169,395
MKLY2,39,45,35,4860,,49,59,,,299,879,39,58,298,169,395
MKM02,39,45,35,4860,,49,59,,,299,879,39,58,298,169,395
MKM12,39,45,35,4860,,49,59,,,299,879,39,58,298,169,395
MKM22,39,45,35,4860,,49,59,,,299,879,39,58,298,169,395
MKM32,39,45,35,4860,,49,59,,,299,879,39,58,298,169,395
MKM42,39,45,35,4860,,49,59,,,299,879,39,58,298,169,395
MKM52,39,45,35,4860,,49,59,,,299,879,39,58,298,169,395
MKLK2,59,69,49,8424,,75,89,,,499,1299,59,88,458,229,649
MKLL2,59,69,49,8424,,75,89,,,499,1299,59,88,458,229,649
MKLM2,59,69,49,8424,,75,89,,,499,1299,59,88,458,229,649
MKLN2,59,69,49,8424,,75,89,,,499,1299,59,88,458,229,649
MKLP2,59,69,49,8424,,75,89,,,499,1299,59,88,458,229,649
MLD32,59,69,49,8424,,75,89,,,499,1299,59,88,458,229,649
MLD42,59,69,49,8424,,75,89,,,499,1299,59,88,458,229,649
MLD52,59,69,49,8424,,75,89,,,499,1299,59,88,458,229,649
MLD62,59,69,49,8424,,75,89,,,499,1299,59,88,458,229,649
MLD72,59,69,49,8424,,75,89,,,499,1299,59,88,458,229,649
MGNC2,39,39,35,4104,,49,59,,,299,879,39,,298,,395
MGNK2,39,39,35,4104,,49,59,,,299,879,39,,298,,395
MGNL2,39,39,35,4104,,49,59,,,299,879,39,,298,,395
MGNM2,39,39,35,4104,,49,59,,,299,879,39,,298,,395
MGNN2,39,39,35,4104,,49,59,,,299,879,39,,298,,395
MGNQ2,39,39,35,4104,,49,59,,,299,879,39,,298,,395
MGNT2,39,39,35,4104,,49,59,,,299,879,39,,298,,395
MGN32,69,69,59,8424,,89,109,,,529,1549,69,,548,,749
MGN62,69,69,59,8424,,89,109,,,529,1549,69,,548,,749
MGND2,69,69,59,8424,,89,109,,,529,1549,69,,548,,749
MGMN2,69,69,59,8424,,89,109,,,529,1549,69,,548,,749
MGMW2,69,69,59,8424,,89,109,,,529,1549,69,,548,,749
MGTM2,39,39,35,4104,,49,59,,,299,879,39,58,298,149,395
MGTN2,39,39,35,4104,,49,59,,,299,879,39,58,298,149,395
MGTP2,39,39,35,4104,,49,59,,,299,879,39,58,298,149,395
MGTQ2,39,39,35,4104,,49,59,,,299,879,39,58,298,149,395
MGXK2,39,39,35,4104,,49,59,,,299,879,39,58,298,149,395
MGXL2,39,39,35,4104,,49,59,,,299,879,39,58,298,149,395
MGXN2,39,39,35,4104,,49,59,,,299,879,39,58,298,149,395
MGTR2,79,79,65,9504,,99,129,,,619,1749,79,118,618,339,849
MGTT2,79,79,65,9504,,99,129,,,619,1749,79,118,618,339,849
MGTU2,79,79,65,9504,,99,129,,,619,1749,79,118,618,339,849
MGTV2,79,79,65,9504,,99,129,,,619,1749,79,118,618,339,849
MGTW2,79,79,65,9504,,99,129,,,619,1749,79,118,618,339,849
MGR92,39,39,35,4104,,,,,,,,,58,,149,
MGRF2,39,39,35,4104,,,,,,,,,58,,149,
MGRG2,39,39,35,4104,,,,,,,,,58,,149,
MGRH2,39,39,35,4104,,,,,,,,,58,,149,
MGXW2,39,39,35,4104,,,,,,,,,58,,149,
MGXX2,39,39,35,4104,,,,,,,,,58,,149,
MGQR2,49,49,39,5832,,,,,,,,,68,,199,
MGQV2,49,49,39,5832,,,,,,,,,68,,199,
MGQW2,49,49,39,5832,,,,,,,,,68,,199,
MGQX2,49,49,39,5832,,,,,,,,,68,,199,
MGQY2,49,49,39,5832,,,,,,,,,68,,199,
MGQF2,35,35,29,3888,,,,,,,,,48,,129,
MGQG2,35,35,29,3888,,,,,,,,,48,,129,
MGQH2,35,35,29,3888,,,,,,,,,48,,129,
MGQJ2,35,35,29,3888,,,,,,,,,48,,129,
MGXT2,35,35,29,3888,,,,,,,,,48,,129,
MGXU2,35,35,29,3888,,,,,,,,,48,,129,
MGR22,45,45,35,5184,,,,,,,,,64,,179,
MGR32,45,45,35,5184,,,,,,,,,64,,179,
MGR52,45,45,35,5184,,,,,,,,,64,,179,
MGR62,45,45,35,5184,,,,,,,,,64,,179,
MGR82,45,45,35,5184,,,,,,,,,64,,179,
MF059,39,39,35,4080,,,,,,,,,,,,
MF060,39,39,35,4080,,,,,,,,,,,,
MF061,39,39,35,4080,,,,,,,,,,,,
MF062,39,39,35,4080,,,,,,,,,,,,
MF063,39,39,35,4080,,,,,,,,,,,,
MF394,39,39,35,4080,,,,,,,,,,,,
ME706,69,69,59,8100,,89,109,,,,,69,98,,279,
ME707,69,69,59,8100,,89,109,,,,,69,98,,279,
ME708,69,69,59,8100,,89,109,,,,,69,98,,279,
ME709,69,69,59,8100,,89,109,,,,,69,98,,279,
ME710,69,69,59,8100,,89,109,,,,,69,98,,279,
ME711,69,69,59,8100,,89,109,,,,,69,98,,279,
MF053,39,39,35,4080,,,,,,,,,,,,
MF054,39,39,35,4080,,,,,,,,,,,,
MF055,39,39,35,4080,,,,,,,,,,,,
MF056,39,39,35,4080,,,,,,,,,,,,
MF057,39,39,35,4080,,,,,,,,,,,,
MF058,39,39,35,4080,,,,,,,,,,,,
MF047,79,79,65,9400,,99,129,,,,,79,118,,299,
MF048,79,79,65,9400,,99,129,,,,,79,118,,299,
MF049,79,79,65,9400,,99,129,,,,,79,118,,299,
MF050,79,79,65,9400,,99,129,,,,,79,118,,299,
MF051,79,79,65,9400,,99,129,,,,,79,118,,299,
MF052,79,79,65,9400,,99,129,,,,,79,118,,299,
MF041,39,39,35,4080,,,,,,,,,,,,
MF042,39,39,35,4080,,,,,,,,,,,,
MF043,39,39,35,4080,,,,,,,,,,,,
MF044,39,39,35,4080,,,,,,,,,,,,
MF045,39,39,35,4080,,,,,,,,,,,,
MF046,39,39,35,4080,,,,,,,,,,,,
MF035,29,29,25,3080,,,,,,,,,,,,
MF036,29,29,25,3080,,,,,,,,,,,,
MF037,29,29,25,3080,,,,,,,,,,,,
MF038,29,29,25,3080,,,,,,,,,,,,
MF039,29,29,25,3080,,,,,,,,,,,,
MF040,29,29,25,3080,,,,,,,,,,,,
MF631,9,9,7,980,,,,,,,,,,,,
MD828,39,39,35,3980,,,,,,,,,,,,
MD963,39,39,35,3980,,,,,,,,,,,,
MD967,39,39,35,3980,,,,,,,,,,,,
MD968,39,39,35,3980,,,,,,,,,,,,
MD969,39,39,35,3980,,,,,,,,,,,,
MD970,39,39,35,3980,,,,,,,,,,,,
MD829,9,9,7,980,,,,,,,,,,,,
MD971,9,9,7,980,,,,,,,,,,,,
MD972,9,9,7,980,,,,,,,,,,,,
MD973,9,9,7,980,,,,,,,,,,,,
MD974,9,9,7,980,,,,,,,,,,,,
MD454,49,49,39,4400,,,,,,,,,,,,
MD455,49,49,39,4400,,,,,,,,,,,,
MD456,49,49,39,4400,,,,,,,,,,,,
MD457,49,49,39,4400,,,,,,,,,,,,
MD458,49,49,39,4400,,,,,,,,,,,,
MD579,49,49,39,4400,,,,,,,,,,,,
MD306,39,39,35,3980,,,,,,,,,,,,
MD307,39,39,35,3980,,,,,,,,,,,,
MD308,39,39,35,3980,,,,,,,,,,,,
MD309,39,39,35,3980,,,,,,,,,,,,
MD310,39,39,35,3980,,,,,,,,,,,,
MD301,69,69,59,6980,,,,,,,,,,,,
MD302,69,69,59,6980,,,,,,,,,,,,
MD303,69,69,59,6980,,,,,,,,,,,,
MD304,69,69,59,6980,,,,,,,,,,,,
MD305,69,69,59,6980,,,,,,,,,,,,
MC939,39,39,35,3980,,,,,,,,,,,,
MC941,39,39,35,3980,,,,,,,,,,,,
MC942,39,39,35,3980,,,,,,,,,,,,
MC944,39,39,35,3980,,,,,,,,,,,,
MC945,39,39,35,3980,,,,,,,,,,,,
MC947,69,69,59,6980,,,,,,,,,,,,
MC948,69,69,59,6980,,,,,,,,,,,,
MC949,69,69,59,6980,,,,,,,,,,,,
MC952,69,69,59,6980,,,,,,,,,,,,
MC839,29,29,25,2800,,35,,,,199,599,29,,,,295
MC670,29,29,25,2800,,35,,,,199,599,29,,,,295
MC671,29,29,25,2800,,35,,,,199,599,29,,,,295
MC672,29,29,25,2800,,35,,,,199,599,29,,,,295
MC669,29,29,25,2800,,35,,,,199,599,29,,,,295
MC668,29,29,25,2800,,35,,,,199,599,29,,,,295
MF030,29,29,25,2800,,,,,,,,,,,,
MF031,29,29,25,2800,,,,,,,,,,,,
MGRM2,39,45,39,4800,,,,,,,,,,,,
ML8H2,49,55,49,5800,,,,,,,,,,,,
ML8J2,49,55,49,5800,,,,,,,,,,,,
ML8K2,49,55,49,5800,,,,,,,,,,,,
ML8L2,49,55,49,5800,,,,,,,,,,,,
MNN62,49,55,49,5800,,,,,,,,,,,,
MQHX2,49,55,49,5800,,,,,,,,,,,,
MHXH3,39,45,39,4500,,,,,,,,,,,,
MX6X3,39,45,39,6480,,,,,,,,,,,,
MX6Y3,49,55,49,8480,,,,,,,,,,,,
MGD74,39,45,39,6480,,,,,,,,,,,,
MGDM4,49,55,49,8480,,,,,,,,,,,,
MHXF3,129,149,129,14800,,,,,,,,,,,,
MJWY3,99,109,99,11800,,,,,,,,,,,,
MGPG4,99,109,99,15800,,,,,,,,,,,,
