SKU,USD,EUR,GBP
MHVQ4,49,59,49
MHVM4,49,59,49
MHVT4,49,59,49
MHW04,49,59,49
MHVX4,49,59,49
MHW64,49,59,49
MHW54,49,59,49
MHWJ4,49,59,49
MHWH4,49,59,49
MHWG4,49,59,49
MHWF4,49,59,49
MHWE4,49,59,49
MHWD4,49,59,49
MHWC4,49,59,49
MHR24,45,55,45
MHR34,45,55,45
MHYY4,59,69,59
MHYX4,59,69,59
MGFX4,35,45,35
MGFY4,35,45,35
MGG04,35,45,35
MGG14,35,45,35
MGG24,35,45,35
MGYX4,269,329,269
MGYY4,319,349,299
MGTL4,59,69,59
MGY64,59,69,59
MGTM4,59,69,59
MGY54,59,69,59
MGTN4,59,69,59
MGY84,59,69,59
MGTP4,59,69,59
MGY74,59,69,59
MGY94,59,69,59
MGTR4,59,69,59
MGYA4,59,69,59
MGTQ4,59,69,59
MGH64,59,69,59
MGH84,59,69,59
MGH94,59,69,59
MGH74,59,69,59
MGHA4,59,69,59
MGYW4,39,45,39
MGK34,45,55,45
MGK44,45,55,45
MGK54,45,55,45
MGK24,45,55,45
MGJT4,45,55,45
MGJW4,45,55,45
MGJV4,45,55,45
MGJU4,45,55,45
MGKE4,45,55,45
MGKF4,45,55,45
MGKG4,45,55,45
MGKC4,45,55,45
MGJD4,45,55,45
MGJG4,45,55,45
MGJF4,45,55,45
MGJE4,45,55,45
MGEV4,49,59,49
MGEW4,49,59,49
MGF04,49,59,49
MGEX4,49,59,49
MGF14,49,59,49
MGFK4,49,59,49
MGFJ4,49,59,49
MGFE4,49,59,49
MGFH4,49,59,49
MGFG4,49,59,49
MGFF4,49,59,49
MGFM4,49,59,49
MGFN4,49,59,49
MGFP4,49,59,49
MGFL4,49,59,49
MGFQ4,49,59,49
MGFR4,49,59,49
MGK14,79,89,79
MGJY4,79,89,79
MGK04,79,89,79
MGJX4,79,89,79
MGJM4,79,89,79
MGJP4,79,89,79
MGJN4,79,89,79
MGJQ4,79,89,79
MGJC4,79,89,79
MGJ94,79,89,79
MGJA4,79,89,79
MGJ84,79,89,79
MGH34,49,59,49
MGH24,49,59,49
MGFT4,49,59,49
MGF24,49,59,49
MGFW4,49,59,49
MH024,39,45,39
MH044,39,45,39
MH014,39,45,39
MH004,39,45,39
MGF44,59,69,59
MGF54,59,69,59
MGF64,59,69,59
MGF74,59,69,59
MGF34,59,69,59
MGF84,59,69,59
MGFD4,59,69,59
MGFC4,59,69,59
MGFA4,59,69,59
MGF94,59,69,59
MGGE4,59,69,59
MGGH4,59,69,59
MGGG4,59,69,59
MGGJ4,59,69,59
MGGN4,59,69,59
MGGD4,59,69,59
MGGK4,59,69,59
MGGF4,59,69,59
MGGM4,59,69,59
MGGL4,59,69,59
MDEJ4,79,89,79
MDEN4,79,89,79
MDEP4,79,89,79
MDEQ4,79,89,79
MDFV4,269,329,269
MDFW4,319,349,299
MDGQ4,49,59,49
MDGM4,49,59,49
MDGP4,49,59,49
MDGN4,49,59,49
MDGV4,49,59,49
MDGR4,49,59,49
MDGU4,49,59,49
MDGT4,49,59,49
MDH04,49,59,49
MDGW4,49,59,49
MDGY4,49,59,49
MDGX4,49,59,49
MDFY4,49,59,49
MDG04,49,59,49
MDFX4,49,59,49
MDG14,49,59,49
MD3W4,39,45,39
MD3Q4,39,45,39
MD3X4,39,45,39
MD3P4,39,45,39
MD3N4,39,45,39
MDTN4,49,59,49
MDTM4,49,59,49
MDTL4,49,59,49
MDTK4,49,59,49
MDTG4,49,59,49
MDTE4,49,59,49
MDTD4,49,59,49
MDTC4,49,59,49
MM6L3,59,69,59
MC2Q4,59,69,59
MC2T4,59,69,59
MC2U4,59,69,59
MC2V4,59,69,59
MA7U4,49,59,49
MA7V4,49,59,49
MYYT3,49,59,49
MYYU3,49,59,49
MYYV3,49,59,49
MYYW3,49,59,49
MYYX3,49,59,49
MYYY3,49,59,49
MA7F4,49,59,49
MCFQ4,49,59,49
MCFR4,49,59,49
MCFT4,49,59,49
MCFU4,49,59,49
MYYJ3,49,59,49
MYYK3,49,59,49
MYYL3,49,59,49
MYYM3,49,59,49
MYYN3,49,59,49
MYYP3,49,59,49
MYYQ3,49,59,49
MYYR3,49,59,49
MA7E4,49,59,49
MCFL4,49,59,49
MCFM4,49,59,49
MCFN4,49,59,49
MCFP4,49,59,49
MYY93,49,59,49
MYYA3,49,59,49
MYYC3,49,59,49
MYYD3,49,59,49
MYYE3,49,59,49
MYYF3,49,59,49
MYYG3,49,59,49
MYYH3,49,59,49
MA7D4,49,59,49
MCFG4,49,59,49
MCFH4,49,59,49
MCFJ4,49,59,49
MCFK4,49,59,49
MYY13,49,59,49
MYY23,49,59,49
MYY33,49,59,49
MYY43,49,59,49
MYY53,49,59,49
MYY63,49,59,49
MYY73,49,59,49
MYY83,49,59,49
MA6A4,49,59,49
MCFC4,49,59,49
MCFD4,49,59,49
MCFE4,49,59,49
MCFF4,49,59,49
MA6W4,59,69,59
MA6X4,59,69,59
MA6Y4,59,69,59
MA7A4,59,69,59
MA7G4,35,45,35
MA7H4,35,45,35
MA7J4,35,45,35
MA7K4,35,45,35
MA7L4,35,45,35
MWK23,99,119,99
MWK33,99,119,99
MWK43,99,119,99
MW973,79,89,79
MW983,79,89,79
MW993,79,89,79
MWK93,99,119,99
MWKA3,99,119,99
MWKC3,99,119,99
MWKD3,99,119,99
MWK53,79,89,79
MWK63,79,89,79
MWK73,79,89,79
MWK83,79,89,79
MJM53,79,89,79
MH073,79,89,79
MWR03,299,349,299
MWR23,299,349,299
MWR43,349,399,349
MWR53,349,399,349
MWNN3,49,59,49
MWNP3,49,59,49
MWNQ3,49,59,49
MWNR3,49,59,49
MWNJ3,49,59,49
MWNK3,49,59,49
MWNL3,49,59,49
MWNM3,49,59,49
MWNE3,49,59,49
MWNF3,49,59,49
MWNG3,49,59,49
MWNH3,49,59,49
MWN93,49,59,49
MWNA3,49,59,49
MWNC3,49,59,49
MWND3,49,59,49
MT1M3,49,59,49
MT1P3,49,59,49
MT1Q3,49,59,49
MT1U3,49,59,49
MT1V3,49,59,49
MT1W3,49,59,49
MT1X3,49,59,49
MT1Y3,49,59,49
MT4V3,59,69,59
MT4W3,59,69,59
MT4X3,59,69,59
MT4Y3,59,69,59
MT503,59,69,59
MT233,49,59,49
MT1A3,49,59,49
MT1D3,49,59,49
MT1E3,49,59,49
MT1F3,49,59,49
MT1G3,49,59,49
MT1H3,49,59,49
MT1J3,49,59,49
MT1L3,49,59,49
MT4H3,59,69,59
MT4J3,59,69,59
MT4L3,59,69,59
MT4Q3,59,69,59
MT4U3,59,69,59
MT223,49,59,49
MT103,49,59,49
MT123,49,59,49
MT133,49,59,49
MT143,49,59,49
MT163,49,59,49
MT173,49,59,49
MT183,49,59,49
MT193,49,59,49
MT423,59,69,59
MT473,59,69,59
MT4A3,59,69,59
MT4D3,59,69,59
MT4F3,59,69,59
MT213,49,59,49
MT0J3,49,59,49
MT0N3,49,59,49
MT0Q3,49,59,49
MT0U3,49,59,49
MT0V3,49,59,49
MT0W3,49,59,49
MT0X3,49,59,49
MT0Y3,49,59,49
MT393,59,69,59
MT3C3,59,69,59
MT3E3,59,69,59
MT3G3,59,69,59
MT3J3,59,69,59
MT203,49,59,49
MT2H3,35,45,35
MT2J3,35,45,35
MT2K3,35,45,35
MT2L3,35,45,35
MT2M3,35,45,35
MT2N3,59,69,59
MT243,59,69,59
MT253,59,69,59
MT263,59,69,59
MT273,59,69,59
MHKY3,49,55,49
MY1L2,129,149,129
MJM43,39,45,39
MM083,35,39,35
MQUL3,49,59,49
MQUN3,49,59,49
MQUP3,49,59,49
MQUQ3,49,59,49
MQUG3,49,59,49
MQUH3,49,59,49
MQUJ3,49,59,49
MQUK3,49,59,49
MQUC3,49,59,49
MQUD3,49,59,49
MQUE3,49,59,49
MQUF3,49,59,49
MQU73,49,59,49
MQU83,49,59,49
MQU93,49,59,49
MQUA3,49,59,49
MQDQ3,79,99,89
MQDR3,79,99,89
MQDT3,79,99,89
MQDU3,79,99,89
MQDP3,249,299,279
MQDW3,99,125,109
MQDV3,79,99,89
MPTP3,49,59,49
MPTQ3,49,59,49
MPTR3,49,59,49
MPTT3,49,59,49
MPTW3,49,59,49
MPTX3,49,59,49
MPTY3,49,59,49
MPU03,49,59,49
MPPM3,59,69,59
MPPN3,59,69,59
MPPP3,59,69,59
MPPQ3,59,69,59
MPPR3,59,69,59
MPU73,49,59,49
MPTE3,49,59,49
MPTF3,49,59,49
MPTG3,49,59,49
MPTH3,49,59,49
MPTJ3,49,59,49
MPTK3,49,59,49
MPTL3,49,59,49
MPTM3,49,59,49
MPPG3,59,69,59
MPPH3,59,69,59
MPPJ3,59,69,59
MPPK3,59,69,59
MPPL3,59,69,59
MPU63,49,59,49
MPT33,49,59,49
MPT53,49,59,49
MPT63,49,59,49
MPT73,49,59,49
MPT83,49,59,49
MPT93,49,59,49
MPTC3,49,59,49
MPTD3,49,59,49
MPP93,59,69,59
MPPA3,59,69,59
MPPC3,59,69,59
MPPD3,59,69,59
MPPF3,59,69,59
MPU43,49,59,49
MPRU3,49,59,49
MPRV3,49,59,49
MPRW3,49,59,49
MPRX3,49,59,49
MPRY3,49,59,49
MPT03,49,59,49
MPT13,49,59,49
MPT23,49,59,49
MPP43,59,69,59
MPP53,59,69,59
MPP63,59,69,59
MPP73,59,69,59
MPP83,59,69,59
MPU13,49,59,49
MM2F3,49,55,49
MM2G3,49,55,49
MH083,79,89,79
MX4M2,35,39,35
MPPT3,59,69,59
MPPW3,59,69,59
MPPX3,59,69,59
MPPY3,59,69,59
MN6E3,35,39,35
MN6F3,35,39,35
MN6G3,35,39,35
MN6H3,35,39,35
MN5W3,49,55,49
MN5X3,49,55,49
MN5Y3,49,55,49
MN603,49,55,49
MN693,49,55,49
MN6A3,49,55,49
MN6C3,49,55,49
MN6D3,49,55,49
MN653,49,55,49
MN663,49,55,49
MN673,49,55,49
MN683,49,55,49
MN613,49,55,49
MN623,49,55,49
MN633,49,55,49
MN643,49,55,49
MNA43,79,89,79
MNA63,79,89,79
MNA73,79,89,79
MM1U3,49,55,49
MM1V3,49,55,49
MM1X3,49,55,49
MM1Y3,49,55,49
MM203,49,55,49
MM213,49,55,49
MM223,49,55,49
MM233,49,55,49
MM0D3,59,65,59
MM0G3,59,65,59
MM0H3,59,65,59
MM0J3,59,65,59
MM0M3,59,65,59
MM2W3,49,55,49
MM2M3,49,55,49
MM2N3,49,55,49
MM2P3,49,55,49
MM2Q3,49,55,49
MM2R3,49,55,49
MM2T3,49,55,49
MM2U3,49,55,49
MM2V3,49,55,49
MM1L3,59,65,59
MM1M3,59,65,59
MM1P3,59,65,59
MM1Q3,59,65,59
MM1R3,59,65,59
MM313,49,55,49
MM2D3,49,55,49
MM2E3,49,55,49
MM2H3,49,55,49
MM2J3,49,55,49
MM2K3,49,55,49
MM2L3,49,55,49
MM193,59,65,59
MM1A3,59,65,59
MM1F3,59,65,59
MM1G3,59,65,59
MM1H3,59,65,59
MM2Y3,49,55,49
MM243,49,55,49
MM253,49,55,49
MM263,49,55,49
MM273,49,55,49
MM283,49,55,49
MM293,49,55,49
MM2A3,49,55,49
MM2C3,49,55,49
MM103,59,65,59
MM143,59,65,59
MM163,59,65,59
MM173,59,65,59
MM183,59,65,59
MM2X3,49,55,49
MM6G3,59,65,59
MM6H3,59,65,59
MM6J3,59,65,59
MM6K3,59,65,59
MM6P3,99,109,99
MM6N3,79,89,79
MM6M3,49,55,49
MMF93,35,39,35
MMFA3,35,39,35
MMFC3,35,39,35
MM0Q3,59,65,59
MM0T3,59,65,59
MM0W3,59,65,59
MM0X3,59,65,59
MM0Y3,59,65,59
MLYY3,29,35,29
MM013,39,45,39
MM023,39,45,39
MM043,39,45,39
MM003,39,45,39
MM073,35,39,35
MKTM3,49,55,49
MKTN3,49,55,49
MKTP3,49,55,49
MKTW3,49,55,49
MKTX3,49,55,49
MKTY3,49,55,49
MKTQ3,49,55,49
MKTR3,49,55,49
MKTT3,49,55,49
MJYU3,49,55,49
MJYV3,49,55,49
MJYW3,49,55,49
MJYX3,49,55,49
MK093,129,149,129
MJYQ3,59,65,59
MK043,49,55,49
MK053,49,55,49
MK073,49,55,49
MK083,49,55,49
MK0D3,129,149,129
MJYT3,59,65,59
MJYY3,49,55,49
MK003,49,55,49
MK023,49,55,49
MK033,49,55,49
MK0A3,129,149,129
MJYR3,59,65,59
MJMG3,99,109,99
MJMH3,99,109,99
MJMJ3,99,109,99
MJMK3,99,109,99
MJML3,99,109,99
MJQK3,349,399,329
MJQL3,349,399,329
MJM93,79,89,79
MJMA3,79,89,79
MJMC3,79,89,79
MJMD3,79,89,79
MJMF3,79,89,79
MJQJ3,299,339,279
MJM23,79,89,79
MJM63,39,45,39
MJM83,49,55,49
MJM73,49,55,49
MHJ03,29,35,29
MK0X3,29,35,29
MK0W3,29,35,29
MX4F2,29,35,29
MK0V3,39,45,39
MX4A2,39,45,39
MK103,35,39,35
MHJ23,35,39,35
MK0E3,59,65,59
MHMN3,129,149,129
MHMP3,129,149,129
MHMQ3,129,149,129
MHMR3,129,149,129
MHYF3,129,149,129
MHYG3,129,149,129
MHYH3,129,149,129
MHYJ3,129,149,129
MHYA3,129,149,129
MHYC3,129,149,129
MHYD3,129,149,129
MHYE3,129,149,129
MHKN3,49,55,49
MHKP3,49,55,49
MHKQ3,49,55,49
MHKR3,49,55,49
MHKU3,49,55,49
MHKV3,49,55,49
MHKW3,49,55,49
MHKX3,49,55,49
MHK63,59,65,59
MHK73,59,65,59
MHK83,59,65,59
MHK93,59,65,59
MHKA3,59,65,59
MHLL3,49,55,49
MHL83,49,55,49
MHL93,49,55,49
MHLA3,49,55,49
MHLC3,49,55,49
MHLD3,49,55,49
MHLE3,49,55,49
MHLF3,49,55,49
MHLG3,49,55,49
MHKH3,59,65,59
MHKJ3,59,65,59
MHKK3,59,65,59
MHKL3,59,65,59
MHKM3,59,65,59
MHLN3,49,55,49
MHL03,49,55,49
MHL23,49,55,49
MHL33,49,55,49
MHL43,49,55,49
MHL53,49,55,49
MHL63,49,55,49
MHL73,49,55,49
MHKC3,59,65,59
MHKD3,59,65,59
MHKE3,59,65,59
MHKF3,59,65,59
MHKG3,59,65,59
MHLM3,49,55,49
MHLP3,59,65,59
MHLQ3,59,65,59
MHLR3,59,65,59
MHLT3,59,65,59
MH023,99,119,99
MH043,99,119,99
MH063,99,119,99
MGYX3,79,89,79
MGYY3,79,89,79
MH003,79,89,79
MH093,79,89,79
MH0A3,79,89,79
MH0D3,79,89,79
MGYV3,39,45,39
MGYU3,39,45,39
MGYW3,39,45,39
MGYQ3,49,55,49
MGYT3,49,55,49
MGYR3,49,55,49
MY102,39,45,39
MY112,39,45,39
MY122,39,45,39
MY152,39,45,39
MY162,39,45,39
MY172,39,45,39
MY182,39,45,39
MY192,39,45,39
MY1A2,39,45,39
MXYH2,35,39,35
MXYJ2,35,39,35
MXYK2,35,39,35
MXYL2,45,49,45
MXYM2,45,49,45
MXYN2,45,49,45
MY1G2,39,45,39
MY1H2,39,45,39
MY1J2,39,45,39
MY1N2,129,149,129
MY1P2,129,149,129
MY1Q2,129,149,129
MY1C2,39,45,39
MY1E2,39,45,39
MY1F2,39,45,39
MY1K2,129,149,129
MY1M2,129,149,129
MXYW2,39,45,39
MXYX2,39,45,39
MXYY2,39,45,39
MXNL2,199,219,199
MXT82,99,119,99
MXT92,99,119,99
MXTA2,99,119,99
MXTD2,99,119,99
MXTE2,99,119,99
MXQU2,349,399,349
MXNK2,179,199,179
MXT32,79,89,79
MXT42,79,89,79
MXT52,79,89,79
MXT62,79,89,79
MXT72,79,89,79
MXQT2,299,339,299
MX4R2,39,45,39
MXTG2,39,45,39
MY1V2,39,45,39
MX3L2,159,179,159
MX4U2,49,55,49
MY1U2,49,55,49
MXTF2,49,55,49
MWVP2,129,149,129
MWVQ2,129,149,129
MWVR2,129,149,129
MWVL2,129,149,129
MWVM2,129,149,129
MWVN2,129,149,129
MWVH2,129,149,129
MWVJ2,129,149,129
MXM82,39,45,39
MXM92,39,45,39
MXM62,39,45,39
MXM72,39,45,39
MWVA2,199,219,199
MWVC2,199,219,199
MWV92,199,219,199
MWYV2,39,45,39
MWYW2,39,45,39
MWYX2,39,45,39
MWYY2,39,45,39
MX002,39,45,39
MX012,39,45,39
MX022,39,45,39
MX032,39,45,39
MX082,129,149,129
MX092,129,149,129
MX0A2,49,55,49
MX0C2,49,55,49
MX0D2,49,55,49
MX0E2,49,55,49
MX0F2,49,55,49
MX0G2,49,55,49
MX0H2,39,45,39
MWYH2,39,45,39
MWYJ2,39,45,39
MWYL2,39,45,39
MWYM2,39,45,39
MWYN2,39,45,39
MWYP2,39,45,39
MWYQ2,39,45,39
MWYR2,39,45,39
MX062,129,149,129
MX072,129,149,129
MWYA2,49,55,49
MWYC2,49,55,49
MWYD2,49,55,49
MWYE2,49,55,49
MWYF2,49,55,49
MWYG2,49,55,49
MWYK2,39,45,39
MWVU2,39,45,39
MWVX2,39,45,39
MWVG2,39,45,39
MX4X2,79,89,79
MX4T2,39,45,39
MX4V2,49,55,49
MW952,39,45,39
MW962,39,45,39
MW972,39,45,39
MW982,39,45,39
MW992,39,45,39
MW9A2,39,45,39
MWV02,39,45,39
MWUY2,49,55,49
MVF62,39,45,39
MVF72,39,45,39
MVF82,39,45,39
MVFT2,129,149,129
MVFU2,129,149,129
MVFV2,129,149,129
MVFX2,49,55,49
MVFY2,49,55,49
MVH02,49,55,49
MVF12,39,45,39
MVF22,39,45,39
MVF52,39,45,39
MVF92,99,119,99
MVFC2,99,119,99
MVFD2,99,119,99
MVFP2,49,55,49
MVFQ2,49,55,49
MVFR2,49,55,49
MVQQ2,129,149,129
MVQP2,129,149,129
MVQN2,99,119,99
MVQD2,39,45,39
MVQE2,39,45,39
MVQF2,39,45,39
MVQG2,39,45,39
MVQ22,49,55,49
MVQ52,49,55,49
MVQ42,49,55,49
MVQ32,49,55,49
MRXQ2,129,149,129
MRXR2,129,149,129
MRXK2,129,149,129
MRXL2,129,149,129
MU7M2,129,149,129
MU7N2,129,149,129
MRW62,39,45,39
MUJP2,39,45,39
MUJQ2,39,45,39
MUJR2,39,45,39
MUJT2,39,45,39
MUJU2,39,45,39
MUJV2,39,45,39
MRXD2,99,119,99
MRXE2,99,119,99
MU8H2,199,219,199
MRX72,79,89,79
MRX82,79,89,79
MRX92,79,89,79
MU8G2,179,199,179
MU7P2,49,55,49
MU7R2,49,55,49
MU7Q2,49,55,49
MRWE2,39,45,39
MRWF2,39,45,39
MRWG2,39,45,39
MRWH2,39,45,39
MRWJ2,39,45,39
MTFD2,39,45,39
MTFE2,39,45,39
MTFF2,39,45,39
MTFH2,39,45,39
MRX22,129,149,129
MRX32,129,149,129
MRX42,129,149,129
MRX52,129,149,129
MRX62,129,149,129
MRWQ2,49,55,49
MRWR2,49,55,49
MRWT2,49,55,49
MRWU2,49,55,49
MRWV2,49,55,49
MTEV2,49,55,49
MTEW2,49,55,49
MTEX2,49,55,49
MRW72,39,45,39
MRW82,39,45,39
MRW92,39,45,39
MRWC2,39,45,39
MRWD2,39,45,39
MTF82,39,45,39
MTF92,39,45,39
MTFA2,39,45,39
MTFC2,39,45,39
MRWW2,99,119,99
MRWX2,99,119,99
MRWY2,99,119,99
MRX02,99,119,99
MRX12,99,119,99
MRWK2,49,55,49
MRWL2,49,55,49
MRWM2,49,55,49
MRWN2,49,55,49
MRWP2,49,55,49
MTER2,49,55,49
MTET2,49,55,49
MTEU2,49,55,49
MTEG2,149,179,149
MTEH2,179,199,179
MRQL2,179,199,179
MRQM2,179,199,179
MTEJ2,199,219,199
MRQU2,199,219,199
MRQV2,199,219,199
MRRC2,39,45,39
MRRD2,39,45,39
MRRE2,39,45,39
MRR82,39,45,39
MRR92,39,45,39
MRRA2,39,45,39
MRR52,35,39,35
MRR62,35,39,35
MRR72,35,39,35
MRQD2,99,119,99
MRG12,39,45,39
MRG22,39,45,39
MRG32,39,45,39
MRGE2,99,119,99
MRGF2,99,119,99
MRGG2,49,55,49
MRGH2,49,55,49
MRGJ2,49,55,49
MRGK2,49,55,49
MRFW2,39,45,39
MRFX2,39,45,39
MRFY2,39,45,39
MRG92,49,55,49
MRGA2,49,55,49
MRGC2,49,55,49
MRGD2,49,55,49
MRFQ2,35,39,35
MRFR2,35,39,35
MRFU2,35,39,35
MRG52,45,49,45
MRG62,45,49,45
MRG72,45,49,45
MRG82,45,49,45
MNKT2,169,189,169
MPTL2,159,179,159
MRFF2,49,55,49
MRFG2,49,55,49
MRFJ2,69,79,69
MRFK2,69,79,69
MRFL2,129,149,129
MRFM2,129,149,129
MRFN2,29,35,29
MRFP2,29,35,29
MR5P2,129,149,129
MR582,29,35,29
MQG02,149,169,149
MQG12,149,169,149
MQT12,39,45,39
MQT22,39,45,39
MQT32,39,45,39
MQT42,39,45,39
MQT52,39,45,39
MQT62,39,45,39
MQT72,39,45,39
MQT82,39,45,39
MR522,39,45,39
MQRV2,99,109,99
MQRW2,99,109,99
MQRX2,99,109,99
MQRY2,99,109,99
MQT92,49,55,49
MQTA2,49,55,49
MQTC2,49,55,49
MQTD2,49,55,49
MQTE2,49,55,49
MQTF2,49,55,49
MQTG2,49,55,49
MQTH2,49,55,49
MQTJ2,49,55,49
MQGW2,39,45,39
MQGX2,39,45,39
MQGY2,39,45,39
MQH02,39,45,39
MQH12,39,45,39
MQH22,39,45,39
MQH42,39,45,39
MQH52,39,45,39
MR3Q2,39,45,39
MQHJ2,49,55,49
MQHK2,49,55,49
MQHL2,49,55,49
MQHM2,49,55,49
MQHN2,49,55,49
MQHP2,49,55,49
MQHQ2,49,55,49
MQHR2,49,55,49
MQHT2,49,55,49
MQGK2,35,39,35
MQGL2,35,39,35
MQGM2,35,39,35
MQGN2,35,39,35
MQGP2,35,39,35
MQGQ2,35,39,35
MQGR2,35,39,35
MQGT2,35,39,35
MR3N2,35,39,35
MQH62,45,49,45
MQH72,45,49,45
MQH82,45,49,45
MQH92,45,49,45
MQHA2,45,49,45
MQHC2,45,49,45
MQHD2,45,49,45
MQHF2,45,49,45
MQHG2,45,49,45
MR5C2,49,59,49
MR5E2,49,59,49
MR5D2,49,59,49
MR592,49,59,49
MR5G2,69,85,69
MR5K2,69,85,69
MR5L2,129,149,129
MR552,29,35,29
MQ5C2,39,45,39
MQ5D2,39,45,39
MQ5E2,39,45,39
MQ5H2,49,55,49
MQ5J2,49,55,49
MQ582,35,39,35
MQ592,35,39,35
MQ5A2,35,39,35
MQ5F2,45,49,45
MQ5G2,45,49,45
MQ0G2,59,69,59
MQ0H2,59,69,59
MQ0Q2,149,169,149
MQ0T2,149,169,149
MQ0U2,149,169,149
MPV12,79,95,79
MPV22,79,95,79
MPV62,79,95,79
MPQM2,49,59,49
MQ082,49,59,49
MQ092,49,59,49
MQ0E2,49,59,49
MQ4T2,49,59,49
MQ4U2,49,59,49
MQ4V2,49,59,49
MPU82,69,85,69
MPU92,69,85,69
MPUA2,69,85,69
MPUD2,69,85,69
MPU02,129,149,129
MPU12,129,149,129
MPU22,129,149,129
MPU62,129,149,129
MPQL2,29,35,29
MQ0V2,29,35,29
MQ0W2,29,35,29
MQ0X2,29,35,29
MQ0M2,39,45,39
MQ0N2,39,45,39
MQ0P2,39,45,39
MPTC2,49,55,49
MPTF2,49,55,49
MPVU2,49,55,49
MQ0J2,35,39,35
MQ0K2,35,39,35
MQ0L2,35,39,35
MPT62,45,49,45
MPT92,45,49,45
MPVG2,45,49,45
MNYW2,39,45,39
MQ4L2,39,45,39
MQ4M2,39,45,39
MQ4N2,39,45,39
MQ4P2,39,45,39
MQ4Q2,39,45,39
MNYV2,39,45,39
MN022,99,119,99
MN002,99,119,99
MN012,99,119,99
MMQR2,39,45,39
MMQT2,39,45,39
MMQU2,39,45,39
MMQV2,39,45,39
MMQW2,39,45,39
MMQX2,39,45,39
MMQY2,39,45,39
MMT02,39,45,39
MMT12,39,45,39
MMYE2,49,55,49
MMYF2,49,55,49
MMYG2,49,55,49
MMYH2,49,55,49
MMYJ2,49,55,49
MMYK2,49,55,49
MMYL2,49,55,49
MMW82,35,39,35
MMWF2,35,39,35
MMWK2,35,39,35
MMWN2,35,39,35
MMWR2,35,39,35
MMWW2,35,39,35
MMX02,35,39,35
MMX12,35,39,35
MMX22,35,39,35
MMY12,45,49,45
MMY22,45,49,45
MMY32,45,49,45
MMY42,45,49,45
MMY52,45,49,45
MMY62,45,49,45
MMY72,45,49,45
MN092,39,45,35
MN0A2,39,45,35
MNN32,39,45,35
MNN52,39,45,35
MN2N2,59,69,49
MN2P2,59,69,49
MNND2,59,69,49
MNNE2,59,69,49
MN462,49,55,39
MN472,49,55,39
MNN92,49,55,39
MNNC2,49,55,39
MN2F2,69,79,55
MN2G2,69,79,55
MNN72,69,79,55
MNN82,69,79,55
MM692,39,45,35
MM6A2,39,45,35
MM6D2,39,45,35
MM6E2,39,45,35
MM6F2,39,45,35
MM6H2,39,45,35
MM322,49,55,39
MM362,49,55,39
MMM32,49,55,39
MM622,35,39,29
MM632,35,39,29
MM642,35,39,29
MM662,35,39,29
MM672,35,39,29
MM682,35,39,29
MM4D2,45,49,35
MM4G2,45,49,35
MMM22,45,49,35
MMHG2,39,45,35
MMHH2,39,45,35
MM2T2,39,45,35
MM2U2,39,45,35
MM2V2,39,45,35
MM2X2,39,45,35
MMJV2,39,45,35
MMJW2,39,45,35
MM3L2,59,69,49
MM3M2,59,69,49
MM3N2,59,69,49
MM3Q2,59,69,49
MMJY2,59,69,49
MMM42,59,69,49
MM2L2,149,169,129
MM292,49,55,39
MM2A2,49,55,39
MM2C2,49,55,39
MM2D2,49,55,39
MM2E2,49,55,39
MM2F2,49,55,39
MM2G2,49,55,39
MM2H2,49,55,39
MM2J2,49,55,39
MM2K2,49,55,39
MMG62,49,55,39
MMG72,49,55,39
MM1Y2,69,79,55
MM202,69,79,55
MM212,69,79,55
MM222,69,79,55
MM232,69,79,55
MM242,69,79,55
MM252,69,79,55
MM262,69,79,55
MM272,69,79,55
MM282,69,79,55
MMG42,69,79,55
MMG52,69,79,55
MGQL2,99,119,79
MGQM2,99,119,79
MKXG2,49,55,39
MKXX2,45,49,35
MJYR2,169,179,139
MK0L2,59,69,49
MLJK2,59,69,49
MK0D2,79,89,65
MK0E2,79,89,65
MKXJ2,39,45,35
MKXK2,39,45,35
MKXL2,39,45,35
MKXM2,39,45,35
MKXN2,39,45,35
MKXP2,39,45,35
MKXQ2,39,45,35
MLCY2,39,45,35
MLD02,39,45,35
MLD12,39,45,35
MLD22,39,45,35
MKX92,49,55,39
MKXC2,49,55,39
MKXD2,49,55,39
MKXE2,49,55,39
MKXF2,49,55,39
MKY02,35,39,29
MKY12,35,39,29
MKY22,35,39,29
MKY32,35,39,29
MKY42,35,39,29
MKY52,35,39,29
MKY62,35,39,29
MLCU2,35,39,29
MLCV2,35,39,29
MLCW2,35,39,29
MLCX2,35,39,29
MKXR2,45,49,35
MKXT2,45,49,35
MKXU2,45,49,35
MKXV2,45,49,35
MKXW2,45,49,35
MKLV2,39,45,35
MKLW2,39,45,35
MKLX2,39,45,35
MKLY2,39,45,35
MKM02,39,45,35
MKM12,39,45,35
MKM22,39,45,35
MKM32,39,45,35
MKM42,39,45,35
MKM52,39,45,35
MKLK2,59,69,49
MKLL2,59,69,49
MKLM2,59,69,49
MKLN2,59,69,49
MKLP2,59,69,49
MLD32,59,69,49
MLD42,59,69,49
MLD52,59,69,49
MLD62,59,69,49
MLD72,59,69,49
MGNC2,39,39,35
MGNK2,39,39,35
MGNL2,39,39,35
MGNM2,39,39,35
MGNN2,39,39,35
MGNQ2,39,39,35
MGNT2,39,39,35
MGN32,69,69,59
MGN62,69,69,59
MGND2,69,69,59
MGMN2,69,69,59
MGMW2,69,69,59
MGTM2,39,39,35
MGTN2,39,39,35
MGTP2,39,39,35
MGTQ2,39,39,35
MGXK2,39,39,35
MGXL2,39,39,35
MGXN2,39,39,35
MGTR2,79,79,65
MGTT2,79,79,65
MGTU2,79,79,65
MGTV2,79,79,65
MGTW2,79,79,65
MGR92,39,39,35
MGRF2,39,39,35
MGRG2,39,39,35
MGRH2,39,39,35
MGXW2,39,39,35
MGXX2,39,39,35
MGQR2,49,49,39
MGQV2,49,49,39
MGQW2,49,49,39
MGQX2,49,49,39
MGQY2,49,49,39
MGQF2,35,35,29
MGQG2,35,35,29
MGQH2,35,35,29
MGQJ2,35,35,29
MGXT2,35,35,29
MGXU2,35,35,29
MGR22,45,45,35
MGR32,45,45,35
MGR52,45,45,35
MGR62,45,45,35
MGR82,45,45,35
MF059,39,39,35
MF060,39,39,35
MF061,39,39,35
MF062,39,39,35
MF063,39,39,35
MF394,39,39,35
ME706,69,69,59
ME707,69,69,59
ME708,69,69,59
ME709,69,69,59
ME710,69,69,59
ME711,69,69,59
MF053,39,39,35
MF054,39,39,35
MF055,39,39,35
MF056,39,39,35
MF057,39,39,35
MF058,39,39,35
MF047,79,79,65
MF048,79,79,65
MF049,79,79,65
MF050,79,79,65
MF051,79,79,65
MF052,79,79,65
MF041,39,39,35
MF042,39,39,35
MF043,39,39,35
MF044,39,39,35
MF045,39,39,35
MF046,39,39,35
MF035,29,29,25
MF036,29,29,25
MF037,29,29,25
MF038,29,29,25
MF039,29,29,25
MF040,29,29,25
MF631,9,9,7
MD828,39,39,35
MD963,39,39,35
MD967,39,39,35
MD968,39,39,35
MD969,39,39,35
MD970,39,39,35
MD829,9,9,7
MD971,9,9,7
MD972,9,9,7
MD973,9,9,7
MD974,9,9,7
MD454,49,49,39
MD455,49,49,39
MD456,49,49,39
MD457,49,49,39
MD458,49,49,39
MD579,49,49,39
MD306,39,39,35
MD307,39,39,35
MD308,39,39,35
MD309,39,39,35
MD310,39,39,35
MD301,69,69,59
MD302,69,69,59
MD303,69,69,59
MD304,69,69,59
MD305,69,69,59
MC939,39,39,35
MC941,39,39,35
MC942,39,39,35
MC944,39,39,35
MC945,39,39,35
MC947,69,69,59
MC948,69,69,59
MC949,69,69,59
MC952,69,69,59
MC839,29,29,25
MC670,29,29,25
MC671,29,29,25
MC672,29,29,25
MC669,29,29,25
MC668,29,29,25
